source_id,target_id
0,99
0,111
0,380
0,414
0,513
0,583
0,688
0,689
0,781
0,782
0,952
1,152
1,730
1,1930
2,960
3,632
4,586
5,36
5,63
5,97
5,601
5,914
5,947
6,20
6,64
6,661
6,680
7,389
7,614
7,999
7,1002
8,866
8,1979
9,157
9,201
9,259
9,557
9,818
9,968
10,389
10,439
11,386
11,943
12,507
12,775
12,1737
13,249
14,542
14,866
14,1626
15,389
16,144
17,487
17,599
17,661
17,830
18,59
18,845
19,494
20,6
20,661
21,678
21,1674
22,117
22,302
22,334
22,389
22,454
22,468
22,597
22,666
22,697
22,897
23,308
23,702
24,126
24,391
24,405
24,683
24,945
24,950
25,69
25,295
25,356
25,460
25,653
25,681
25,886
26,86
26,262
26,1630
27,392
28,48
28,54
28,105
28,106
28,152
28,274
28,389
28,421
28,521
28,631
28,712
28,746
28,985
28,997
29,738
29,790
29,791
29,816
29,857
30,470
30,504
30,1200
30,1236
30,1279
30,1646
30,1783
30,1984
30,2057
30,2141
31,296
31,470
31,644
31,730
31,777
31,880
31,1279
31,1354
31,1486
31,1736
31,2074
31,2193
31,2640
31,2745
31,2781
31,2987
32,590
32,663
32,684
32,685
32,695
32,843
33,259
34,179
34,365
34,571
34,695
34,697
34,826
34,827
34,1583
35,92
35,499
35,641
35,812
36,5
36,97
36,273
36,328
36,659
36,914
37,79
37,181
37,309
37,443
37,826
37,1264
37,1720
37,2446
38,641
39,487
39,1008
40,145
40,147
40,176
40,410
40,479
40,619
40,623
40,658
40,845
40,847
41,417
41,2744
42,486
42,487
42,642
43,845
44,630
44,676
44,866
45,731
45,749
46,845
47,212
47,776
48,28
48,106
48,421
48,746
49,845
50,761
51,317
51,354
51,355
51,363
51,389
51,437
51,438
51,469
51,480
51,481
51,482
51,515
51,595
51,614
51,745
51,1003
52,610
53,160
53,308
54,28
54,67
54,183
54,274
54,389
54,421
54,521
54,697
54,712
54,746
54,954
54,996
54,997
55,969
55,970
55,2188
55,3232
56,171
56,504
56,1489
56,1818
56,3244
57,156
57,1124
57,1250
57,1532
57,1604
57,1632
57,1678
57,1765
57,1974
58,179
58,301
58,389
58,413
58,438
58,552
58,695
59,18
59,602
59,845
60,442
60,584
61,942
61,984
62,800
62,2570
63,5
63,97
63,273
63,328
63,659
63,914
63,947
64,6
64,91
64,209
64,238
64,567
64,641
65,151
65,217
65,265
65,874
65,990
66,330
67,54
67,105
67,175
67,290
67,614
67,712
67,746
67,996
67,997
67,998
68,300
69,25
69,264
69,275
69,295
69,337
69,354
69,355
69,371
69,460
69,504
69,515
70,629
70,657
70,748
71,189
71,937
72,672
73,892
74,989
75,494
76,672
77,733
77,811
77,914
78,504
78,532
78,730
79,37
79,103
79,277
79,459
79,826
79,1017
79,1720
79,2442
79,2651
79,3117
80,268
80,1541
81,845
82,389
82,656
83,273
83,641
84,741
84,984
85,365
85,389
85,617
85,695
85,696
85,697
86,26
86,261
86,271
86,459
86,460
86,537
86,583
86,624
86,767
86,795
86,1004
87,595
88,151
88,153
88,265
88,777
88,778
88,903
88,1278
88,1991
88,1992
88,2065
89,544
89,546
89,786
90,473
90,860
90,1627
91,64
91,680
91,793
92,35
93,446
93,761
93,798
94,284
94,372
94,373
94,389
94,438
94,443
94,444
95,569
95,572
95,696
95,2889
96,911
96,995
97,5
97,36
97,63
97,328
97,659
97,947
98,389
98,697
99,0
99,721
99,929
99,950
100,678
101,540
102,266
103,79
103,271
103,363
103,389
104,128
104,130
104,133
104,139
105,28
105,67
105,175
105,179
105,274
105,421
105,521
105,697
105,712
105,746
105,996
105,997
106,28
106,48
106,183
106,274
106,290
106,389
106,421
106,441
106,521
106,552
106,697
106,712
106,746
106,996
106,997
107,264
107,275
107,337
107,371
107,501
108,172
108,382
108,836
108,1491
108,2117
109,322
109,846
110,582
111,0
112,915
113,381
114,328
115,567
115,669
116,409
117,22
118,380
118,808
119,632
120,641
120,812
120,814
120,864
121,262
121,296
121,470
121,1002
121,2716
122,309
122,545
122,666
122,667
123,879
124,820
125,242
125,615
126,24
126,296
126,470
127,636
128,104
128,587
129,181
129,1494
129,2348
130,104
130,587
131,562
132,322
132,1095
133,104
133,587
133,689
134,318
134,369
134,608
134,713
134,714
135,641
135,807
135,812
136,329
136,415
137,485
137,845
138,494
138,729
139,104
139,587
140,143
140,417
140,1000
141,415
141,471
141,495
142,702
143,140
143,145
143,280
143,415
143,452
143,820
143,1000
144,16
144,471
144,496
144,540
144,820
145,40
145,143
145,229
145,415
145,417
145,820
145,905
146,389
146,455
146,925
147,40
147,229
148,149
148,324
148,325
148,635
148,915
148,1505
148,1697
149,148
149,325
149,635
149,915
149,1505
149,1697
150,389
150,596
151,65
151,88
151,265
151,290
151,564
151,571
152,1
152,28
152,274
152,290
152,389
152,421
152,521
152,697
152,712
152,746
153,88
153,290
153,389
153,459
153,482
154,389
154,697
155,389
155,697
156,57
156,289
156,639
157,9
157,566
157,581
157,968
158,284
158,290
158,503
158,545
159,594
159,751
159,852
159,978
160,53
160,308
161,780
162,289
163,352
163,950
164,861
165,654
165,729
166,290
166,363
166,389
166,438
166,461
166,606
166,637
166,797
167,606
168,292
169,286
169,305
169,347
169,493
169,519
169,844
170,505
170,815
171,56
171,504
171,1165
171,1927
172,108
172,383
172,513
172,836
173,409
173,508
174,478
175,67
175,105
175,389
175,828
175,985
175,996
176,40
176,229
177,227
177,231
177,235
178,266
178,296
178,437
178,470
178,571
178,644
178,777
178,1072
178,1279
178,1646
178,1914
178,1984
179,34
179,58
179,105
179,302
179,389
179,570
179,686
179,696
179,715
179,840
179,985
180,845
181,37
181,129
181,277
181,389
181,522
182,184
182,451
182,603
182,2198
182,3074
183,54
183,106
183,421
183,537
183,584
183,692
183,695
183,712
183,997
183,998
183,1246
183,1757
183,3205
184,182
184,603
184,2618
184,2824
184,3002
184,3220
185,845
185,964
186,845
187,529
187,789
187,812
188,390
188,482
189,71
190,408
190,659
190,845
191,605
192,756
192,757
192,758
193,264
193,371
193,421
193,444
193,3079
194,751
195,388
195,971
196,645
196,896
197,415
198,604
198,2824
199,389
199,580
200,382
200,836
200,1491
200,2117
201,9
201,254
201,384
201,385
201,386
201,582
201,652
201,845
201,930
201,931
202,238
202,273
202,659
203,648
203,943
204,668
205,506
205,1624
206,498
207,494
207,657
208,346
208,639
209,64
209,278
209,680
210,657
211,389
211,438
211,961
212,47
212,292
212,395
212,396
212,446
212,870
213,652
213,858
214,670
215,290
215,682
216,589
216,613
216,722
217,65
217,723
217,730
217,1244
217,1486
217,1720
217,2096
217,2385
217,2615
217,3255
218,389
218,679
219,617
220,389
221,922
222,706
223,695
224,651
225,629
225,984
226,751
227,177
227,294
227,304
228,623
229,145
229,147
229,176
229,410
229,479
229,619
229,623
230,389
230,679
231,177
231,294
231,304
232,291
232,389
232,419
233,363
233,389
233,569
234,590
234,737
234,1065
234,1223
234,1564
235,177
235,294
235,304
236,977
237,606
238,64
238,202
238,497
238,641
238,680
238,702
239,385
239,582
239,616
239,652
239,792
239,930
240,409
240,629
240,657
241,820
241,845
241,977
242,125
242,615
243,363
243,389
243,438
243,482
243,545
243,924
244,720
244,1007
245,808
245,2538
246,804
246,931
246,1001
247,389
247,679
248,387
249,13
249,689
250,301
250,363
250,372
250,437
250,516
250,666
250,667
250,697
250,743
250,1949
251,289
252,363
252,389
252,438
252,482
252,545
252,924
253,389
254,201
254,652
255,446
256,554
256,571
257,942
258,363
258,389
258,438
258,482
258,545
258,924
259,9
259,33
259,289
260,522
261,86
261,271
261,372
261,470
261,539
261,671
261,778
261,795
261,885
262,26
262,121
262,282
262,310
262,343
262,423
262,424
262,425
262,459
262,564
262,683
262,766
262,767
262,794
262,838
263,721
263,813
264,69
264,107
264,193
264,500
264,501
264,565
264,653
264,886
265,65
265,88
265,151
265,296
265,683
265,730
265,903
265,2073
265,3145
266,102
266,178
266,778
267,559
267,666
268,80
268,876
269,866
270,486
270,487
270,610
270,641
270,642
270,688
271,86
271,103
271,261
271,284
271,309
271,470
271,515
271,778
271,825
271,885
272,431
272,432
273,36
273,63
273,83
273,202
273,733
273,914
274,28
274,54
274,105
274,106
274,152
274,468
274,617
274,695
274,954
274,985
274,998
274,1246
275,69
275,107
275,462
275,470
275,553
275,578
275,579
275,653
275,825
275,886
275,899
275,900
276,949
277,79
277,181
277,309
277,443
277,826
277,1172
277,1264
277,1720
277,2446
278,209
278,357
278,2280
278,2933
278,2964
278,2965
279,323
279,349
279,915
280,143
280,417
280,418
280,582
280,820
280,859
281,629
282,262
282,310
283,428
283,730
283,1509
284,94
284,158
284,271
284,355
284,444
284,470
284,695
284,894
284,2464
285,542
285,543
286,169
286,336
286,673
286,690
286,844
287,613
287,915
288,730
289,156
289,162
289,251
289,259
289,781
289,782
290,67
290,106
290,151
290,152
290,153
290,158
290,166
290,215
290,316
290,335
290,355
290,444
290,461
290,469
290,481
290,500
290,515
290,588
290,638
290,671
290,681
290,692
290,706
290,744
290,924
290,925
290,1710
290,3086
291,232
292,168
292,212
292,395
292,396
292,649
292,776
293,586
294,227
294,231
294,235
294,474
294,533
294,600
294,632
294,730
294,769
294,880
295,25
295,69
295,446
295,653
295,1005
296,31
296,121
296,126
296,178
296,265
296,503
296,539
296,795
296,800
296,1229
296,2974
297,762
297,1008
298,467
298,646
299,417
300,68
300,2234
301,58
301,250
301,363
301,437
301,438
301,744
301,802
301,909
302,22
302,179
302,389
302,696
302,839
303,632
304,227
304,231
304,235
304,428
304,1508
304,1706
305,169
305,613
306,845
307,866
307,1979
308,23
308,53
308,160
309,37
309,122
309,271
309,277
309,516
309,572
309,697
310,262
310,282
310,2097
310,2510
310,2511
311,314
312,314
312,641
312,659
312,848
313,314
313,641
313,659
314,311
314,312
314,313
315,409
315,620
316,290
316,389
317,51
317,389
317,480
317,595
318,134
318,786
319,728
319,734
319,735
319,1007
320,823
321,683
322,109
322,132
322,511
322,512
322,513
323,279
323,325
323,635
323,1505
323,1697
324,148
324,325
324,635
324,915
324,1505
324,1697
325,148
325,149
325,323
325,324
325,349
325,589
325,635
325,915
325,1505
325,1697
326,635
326,915
326,1505
326,1697
327,615
327,659
327,946
328,36
328,63
328,97
328,114
328,659
328,819
328,914
328,946
329,136
329,657
330,66
331,438
331,595
331,797
331,2329
332,720
333,388
333,754
334,22
335,290
335,389
335,596
336,286
336,673
337,69
337,107
337,462
337,470
337,553
337,578
337,579
337,653
337,825
337,886
337,899
337,900
338,811
338,1852
338,2769
338,3113
339,508
340,866
340,1383
340,1556
340,3211
341,769
342,867
342,1799
343,262
343,2549
344,855
345,476
346,208
346,717
347,169
347,628
347,641
347,846
347,980
348,572
348,573
348,617
348,1174
349,279
349,325
349,514
349,613
349,627
349,983
350,353
350,415
350,2558
351,352
351,353
351,2562
352,163
352,351
352,353
352,420
353,350
353,351
353,352
353,1951
353,2248
353,2391
353,2558
353,2559
353,2564
353,2565
353,2741
354,51
354,69
354,355
354,363
354,389
354,438
354,482
354,745
354,770
354,974
354,975
354,1002
355,51
355,69
355,284
355,290
355,354
355,389
355,743
355,745
355,771
356,25
356,886
357,278
357,358
358,357
359,360
359,418
359,820
360,359
361,969
362,389
362,763
363,51
363,103
363,166
363,233
363,243
363,250
363,252
363,258
363,301
363,354
363,364
363,381
363,438
363,461
363,469
363,480
363,481
363,482
363,515
363,516
363,522
363,524
363,548
363,671
363,695
363,699
363,704
363,743
363,744
363,775
363,802
363,908
363,909
363,916
364,363
364,438
364,797
364,1002
364,2428
365,34
365,85
365,697
365,698
366,487
367,487
368,476
368,649
369,134
369,1334
370,893
371,69
371,107
371,193
371,500
371,501
371,653
371,886
371,1005
372,94
372,250
372,261
372,373
372,443
372,444
372,2445
372,2973
372,2974
373,94
373,372
373,443
373,444
373,761
374,514
374,628
375,671
376,671
376,999
376,2357
377,945
377,1629
377,2326
377,2573
378,676
378,952
379,535
380,0
380,118
380,603
380,604
380,682
380,711
381,113
381,363
381,389
381,390
381,438
382,108
382,200
382,383
382,513
382,836
383,172
383,382
383,513
383,836
384,201
384,385
385,201
385,239
385,384
385,582
385,930
386,11
386,201
386,433
386,647
386,648
387,248
387,577
387,674
388,195
388,333
388,466
388,577
388,582
388,634
388,754
388,934
388,971
389,7
389,10
389,15
389,22
389,28
389,51
389,54
389,58
389,82
389,85
389,94
389,98
389,103
389,106
389,146
389,150
389,152
389,153
389,154
389,155
389,166
389,175
389,179
389,181
389,199
389,211
389,218
389,220
389,230
389,232
389,233
389,243
389,247
389,252
389,253
389,258
389,302
389,316
389,317
389,335
389,354
389,355
389,362
389,381
389,390
389,413
389,443
389,444
389,449
389,454
389,455
389,461
389,469
389,480
389,481
389,482
389,503
389,506
389,515
389,516
389,522
389,524
389,548
389,555
389,571
389,574
389,595
389,606
389,617
389,656
389,666
389,667
389,671
389,678
389,692
389,695
389,696
389,698
389,699
389,700
389,704
389,706
389,709
389,725
389,742
389,744
389,770
389,771
389,797
389,800
389,802
389,810
389,878
389,894
389,897
389,904
389,908
389,927
389,998
390,188
390,381
390,389
390,797
391,24
391,590
391,912
392,27
392,938
393,505
393,845
393,936
393,938
394,396
395,212
395,292
395,396
395,721
395,776
396,212
396,292
396,394
396,395
396,650
396,776
397,818
398,949
399,400
399,401
399,404
399,691
399,914
400,399
400,401
400,403
400,404
400,691
400,3137
401,399
401,400
401,3139
402,403
402,404
402,629
403,400
403,402
403,404
403,691
403,1340
403,1853
403,3137
404,399
404,400
404,402
404,403
404,691
404,2126
405,24
405,787
406,810
407,515
408,190
408,845
409,116
409,173
409,240
409,315
409,410
409,568
409,620
409,973
410,40
410,229
410,409
410,629
411,820
412,606
412,2448
412,2837
413,58
413,389
413,438
414,0
414,951
415,136
415,141
415,143
415,145
415,197
415,350
415,417
415,452
415,498
415,877
415,1001
416,452
416,808
416,820
417,41
417,140
417,145
417,280
417,299
417,415
417,452
417,820
417,1000
418,280
418,359
419,232
420,352
420,1147
420,1259
420,1642
420,1683
421,28
421,48
421,54
421,105
421,106
421,152
421,183
421,193
421,468
421,552
421,584
421,631
421,712
421,985
421,1893
422,950
423,262
423,425
424,262
424,425
425,262
425,423
425,424
426,761
427,671
427,889
428,283
428,304
428,599
428,730
428,1169
428,1405
428,1406
428,1508
428,1706
428,1717
429,730
430,866
430,923
431,272
431,432
431,703
431,853
431,913
431,1417
432,272
432,431
432,913
433,386
433,505
434,845
435,845
436,437
436,515
436,709
437,51
437,178
437,250
437,301
437,436
437,438
437,743
438,51
438,58
438,94
438,166
438,211
438,243
438,252
438,258
438,301
438,331
438,354
438,363
438,364
438,381
438,413
438,437
438,443
438,444
438,480
438,481
438,482
438,515
438,516
438,524
438,595
438,666
438,667
438,678
438,695
438,700
438,745
438,753
438,802
438,869
438,916
439,10
440,643
440,772
440,878
440,1233
440,1475
440,1527
440,1719
440,1796
440,2160
440,2429
440,2640
440,2736
441,106
442,60
442,584
443,37
443,94
443,277
443,372
443,373
443,389
443,438
443,444
444,94
444,193
444,284
444,290
444,372
444,373
444,389
444,438
444,443
445,907
445,3226
446,93
446,212
446,255
446,295
446,533
446,742
446,776
446,798
446,919
446,965
447,808
448,449
449,389
449,448
449,450
449,558
449,708
449,894
450,449
450,771
451,182
451,603
452,143
452,415
452,416
452,417
453,815
454,22
454,389
454,1006
455,146
455,389
455,696
455,925
456,457
457,456
458,571
458,695
459,79
459,86
459,153
459,262
459,537
459,683
459,1004
459,2348
459,3111
459,3114
460,25
460,69
460,86
460,886
461,166
461,290
461,363
461,389
461,554
461,607
461,826
462,275
462,337
463,737
463,2716
464,465
465,464
466,388
466,765
467,298
468,22
468,274
468,421
468,521
468,552
468,584
468,631
468,695
469,51
469,290
469,363
469,389
470,30
470,31
470,121
470,126
470,178
470,261
470,271
470,275
470,284
470,337
470,503
470,509
470,539
470,554
470,564
470,695
470,730
470,778
470,795
470,800
470,1072
470,1166
470,1196
470,1229
470,1354
470,1380
470,2211
470,2781
470,2974
471,141
471,144
471,820
472,765
472,820
473,90
473,860
473,1961
474,294
474,475
474,556
474,740
475,474
476,345
476,368
476,751
476,949
477,866
478,174
479,40
479,229
480,51
480,317
480,363
480,389
480,438
480,481
480,482
480,614
480,696
480,745
480,1002
480,1003
481,51
481,290
481,363
481,389
481,438
481,480
481,695
482,51
482,153
482,188
482,243
482,252
482,258
482,354
482,363
482,389
482,438
482,480
482,515
482,524
482,595
482,700
482,704
482,706
482,916
482,924
483,845
484,485
485,137
485,484
486,42
486,270
486,487
486,948
487,17
487,39
487,42
487,270
487,366
487,367
487,486
487,488
487,567
487,788
487,831
487,832
487,948
487,953
487,962
487,1008
488,487
489,803
490,633
491,492
491,568
491,629
492,491
492,905
492,977
493,169
493,765
493,1001
494,19
494,75
494,138
494,207
494,629
494,657
494,665
494,741
494,933
494,977
494,984
495,141
495,594
496,144
497,238
498,206
498,415
498,689
499,35
499,890
500,264
500,290
500,371
500,501
500,1002
500,1005
501,107
501,264
501,371
501,500
501,507
501,662
501,753
501,1002
501,1005
502,632
503,158
503,296
503,389
503,470
503,509
503,745
504,30
504,56
504,69
504,78
504,171
504,532
504,560
504,730
505,170
505,393
505,433
505,719
505,841
505,845
505,936
505,937
506,205
506,389
506,539
507,12
507,501
507,653
508,173
508,339
508,845
508,846
509,470
509,503
509,564
510,689
511,322
512,322
513,0
513,172
513,322
513,382
513,383
513,866
514,349
514,374
514,627
514,846
514,983
515,51
515,69
515,271
515,290
515,363
515,389
515,407
515,436
515,438
515,482
515,697
515,743
515,745
515,770
515,803
515,974
515,975
515,1002
516,250
516,309
516,363
516,389
516,438
516,524
516,671
516,869
517,950
518,689
518,812
518,845
519,169
519,845
520,614
520,699
521,28
521,54
521,105
521,106
521,152
521,468
521,614
521,617
521,695
521,954
521,985
521,997
521,998
521,1246
521,1371
521,1457
521,1461
522,181
522,260
522,363
522,389
523,969
524,363
524,389
524,438
524,482
524,516
524,588
525,845
526,845
527,845
528,877
528,2949
529,187
529,530
529,808
530,529
531,532
531,730
532,78
532,504
532,531
532,730
532,860
533,294
533,446
534,562
535,379
535,653
536,671
536,767
537,86
537,183
537,459
538,782
539,261
539,296
539,470
539,506
540,101
540,144
540,789
540,845
541,849
542,14
542,285
542,543
543,285
543,542
544,89
544,546
544,786
545,122
545,158
545,243
545,252
545,258
545,570
545,571
545,588
545,695
546,89
546,544
546,984
547,570
547,572
547,573
547,614
547,644
547,696
548,363
548,389
549,677
549,678
550,635
550,950
551,671
551,1914
551,1944
551,2153
551,2699
551,2761
552,58
552,106
552,421
552,468
552,828
552,998
552,1638
553,275
553,337
553,899
553,900
554,256
554,461
554,470
554,827
554,2255
554,2861
555,389
555,895
556,474
557,9
557,751
558,449
559,267
559,653
559,667
560,504
561,702
562,131
562,534
562,773
562,973
563,850
564,151
564,262
564,470
564,509
564,768
564,769
564,800
565,264
565,1646
566,157
567,64
567,115
567,487
567,598
567,610
567,680
567,864
568,409
568,491
568,657
569,95
569,233
569,614
569,695
569,696
570,179
570,545
570,547
570,571
570,572
570,614
570,695
570,696
570,839
571,34
571,151
571,178
571,256
571,389
571,458
571,545
571,570
571,687
571,827
572,95
572,309
572,348
572,547
572,570
572,614
572,695
572,696
573,348
573,547
573,614
573,696
573,697
574,389
574,871
575,963
575,1851
575,3162
576,606
577,387
577,388
577,751
577,786
578,275
578,337
578,579
579,275
579,337
579,578
580,199
581,157
581,610
581,845
582,110
582,201
582,239
582,280
582,385
582,388
583,0
583,86
584,60
584,183
584,421
584,442
584,468
585,806
586,4
586,293
586,737
586,950
587,128
587,130
587,133
587,139
588,290
588,524
588,545
589,216
589,325
589,722
589,976
589,1015
590,32
590,234
590,391
590,613
590,683
590,737
590,1065
590,1223
590,1564
591,593
591,845
592,593
592,845
593,591
593,592
593,845
593,914
594,159
594,495
595,51
595,87
595,317
595,331
595,389
595,438
595,482
595,606
596,150
596,335
596,597
597,22
597,596
598,567
598,669
599,17
599,428
599,832
600,294
601,5
601,659
602,59
602,844
602,848
603,182
603,184
603,380
603,451
603,991
604,198
604,380
605,191
605,847
606,166
606,167
606,237
606,389
606,412
606,576
606,595
606,637
606,704
606,771
606,894
607,461
607,826
607,1017
607,3117
608,134
608,713
608,1702
609,611
609,642
609,948
610,52
610,270
610,567
610,581
610,953
610,962
610,963
611,609
611,953
612,694
612,2349
613,216
613,287
613,305
613,349
613,590
613,1505
613,3158
613,3170
614,7
614,51
614,67
614,480
614,520
614,521
614,547
614,569
614,570
614,572
614,573
614,666
614,692
614,712
614,746
614,996
614,997
614,998
614,1710
614,2011
614,3189
615,125
615,242
615,327
615,659
615,914
616,239
617,85
617,219
617,274
617,348
617,389
617,521
617,696
617,697
617,698
617,918
617,1002
618,619
618,621
618,629
619,40
619,229
619,618
619,621
619,622
620,315
620,409
620,980
621,618
621,619
621,622
621,623
622,619
622,621
622,623
623,40
623,228
623,229
623,621
623,622
624,86
624,2264
624,2812
625,821
626,751
626,1240
626,1458
627,349
627,514
627,628
627,983
628,347
628,374
628,627
629,70
629,225
629,240
629,281
629,402
629,410
629,491
629,494
629,618
629,748
629,977
629,978
629,986
629,993
629,1001
629,1007
630,44
630,866
631,28
631,421
631,468
631,954
632,3
632,119
632,294
632,303
632,502
632,747
632,817
633,490
633,868
633,959
634,388
635,148
635,149
635,323
635,324
635,325
635,326
635,550
636,127
636,3005
637,166
637,606
637,638
637,797
638,290
638,637
638,797
639,156
639,208
639,641
639,717
640,984
641,35
641,38
641,64
641,83
641,120
641,135
641,238
641,270
641,312
641,313
641,347
641,639
641,659
641,661
641,680
641,805
641,806
641,812
641,838
641,864
641,891
641,921
641,992
642,42
642,270
642,609
642,1008
643,440
643,878
643,1629
644,31
644,178
644,547
644,730
644,1279
644,1646
644,1889
644,2057
644,2141
644,2142
645,196
645,896
646,298
646,2173
646,2834
647,386
648,203
648,386
648,955
649,292
649,368
649,689
649,926
649,984
650,396
651,224
651,2862
652,201
652,213
652,239
652,254
652,858
652,930
653,25
653,264
653,275
653,295
653,337
653,371
653,507
653,535
653,559
653,1005
654,165
654,655
655,654
655,661
655,933
656,82
656,389
657,70
657,207
657,210
657,240
657,329
657,494
657,568
657,658
657,720
657,748
657,875
657,977
657,978
657,984
657,1001
657,1007
658,40
658,657
658,873
658,984
659,36
659,63
659,97
659,190
659,202
659,312
659,313
659,327
659,328
659,601
659,615
659,641
659,672
659,724
659,733
659,833
659,834
659,850
659,875
659,906
659,914
659,946
660,875
661,6
661,17
661,20
661,641
661,655
661,829
661,856
662,501
663,32
663,683
663,725
663,726
663,766
663,2073
664,665
665,494
665,664
666,22
666,122
666,250
666,267
666,389
666,438
666,614
666,696
666,697
666,699
666,764
666,800
667,122
667,250
667,389
667,438
667,559
667,697
668,204
669,115
669,598
670,214
670,2404
670,2419
671,261
671,290
671,363
671,375
671,376
671,389
671,427
671,516
671,536
671,551
671,709
671,760
671,800
671,837
671,903
672,72
672,76
672,659
673,286
673,336
674,387
674,2947
675,676
675,865
675,866
675,1391
675,1743
675,1977
676,44
676,378
676,675
676,865
676,1743
676,1977
677,549
677,678
678,21
678,100
678,389
678,438
678,549
678,677
678,932
678,1003
679,218
679,230
679,247
679,2443
680,6
680,91
680,209
680,238
680,567
680,641
681,25
681,290
682,215
682,380
682,951
682,967
683,24
683,262
683,265
683,321
683,459
683,590
683,663
683,684
683,685
683,695
683,767
683,843
683,901
683,903
684,32
684,683
684,767
684,885
684,903
684,1466
684,1674
684,1870
684,2266
684,2476
684,2644
684,2658
685,32
685,683
685,767
685,885
685,903
685,1870
685,2658
686,179
686,839
687,571
688,0
688,270
688,689
689,0
689,133
689,249
689,498
689,510
689,518
689,649
689,688
689,896
689,933
689,1007
690,286
690,2627
691,399
691,400
691,403
691,404
692,183
692,290
692,389
692,614
692,696
693,751
693,1298
693,1953
694,612
695,32
695,34
695,58
695,85
695,183
695,223
695,274
695,284
695,363
695,389
695,438
695,458
695,468
695,470
695,481
695,521
695,545
695,569
695,570
695,572
695,683
695,696
695,697
695,698
695,746
695,885
695,903
696,85
696,95
696,179
696,302
696,389
696,455
696,480
696,547
696,569
696,570
696,572
696,573
696,617
696,666
696,692
696,695
696,698
696,699
696,803
696,902
697,22
697,34
697,54
697,85
697,98
697,105
697,106
697,152
697,154
697,155
697,250
697,309
697,365
697,515
697,573
697,617
697,666
697,667
697,695
697,698
697,699
697,712
697,744
697,746
697,753
697,840
697,904
697,985
697,997
697,998
698,365
698,389
698,617
698,695
698,696
698,697
699,363
699,389
699,520
699,666
699,696
699,697
699,797
700,389
700,438
700,482
701,890
701,891
702,23
702,142
702,238
702,561
702,749
702,750
702,853
703,431
703,1417
704,363
704,389
704,482
704,606
704,770
704,771
704,944
705,706
705,707
705,797
706,222
706,290
706,389
706,482
706,705
706,707
706,797
707,705
707,706
708,449
708,1145
708,1529
709,389
709,436
709,671
709,958
710,748
710,845
710,933
711,380
711,796
712,28
712,54
712,67
712,105
712,106
712,152
712,183
712,421
712,614
712,697
712,746
712,954
712,985
712,997
712,998
713,134
713,608
713,2710
714,134
714,2366
714,2926
715,179
716,875
717,346
717,639
718,757
719,505
719,720
720,244
720,332
720,657
720,719
720,785
721,99
721,263
721,395
721,762
721,812
721,814
721,845
722,216
722,589
723,217
723,874
723,990
723,2327
723,2384
724,659
725,389
725,663
725,726
725,766
725,966
726,663
726,725
726,766
727,728
727,735
727,845
727,1007
728,319
728,727
728,735
728,845
728,940
729,138
729,165
729,905
729,977
730,1
730,31
730,78
730,217
730,265
730,283
730,288
730,294
730,428
730,429
730,470
730,504
730,531
730,532
730,644
730,778
730,860
730,874
730,903
731,45
731,732
731,853
732,731
732,749
733,77
733,273
733,659
733,811
734,319
734,735
735,319
735,727
735,728
735,734
735,952
736,737
736,787
736,2640
737,234
737,463
737,586
737,590
737,736
738,29
738,791
739,845
739,1007
740,474
741,84
741,494
741,977
742,389
742,446
743,250
743,355
743,363
743,437
743,515
743,744
743,802
743,803
743,908
743,909
744,290
744,301
744,363
744,389
744,697
744,743
744,745
744,770
744,802
744,803
745,51
745,354
745,355
745,438
745,480
745,503
745,515
745,744
745,802
745,803
745,908
745,909
746,28
746,48
746,54
746,67
746,105
746,106
746,152
746,614
746,695
746,697
746,712
746,954
746,985
746,996
746,997
746,998
746,1757
747,632
748,70
748,629
748,657
748,710
748,977
748,984
749,45
749,702
749,732
749,750
749,994
750,702
750,749
750,992
750,994
751,159
751,194
751,226
751,476
751,557
751,577
751,626
751,693
751,809
751,851
751,872
752,780
752,799
752,800
752,1251
753,438
753,501
753,697
754,333
754,388
755,756
756,192
756,755
757,192
757,718
758,192
758,845
759,845
760,671
760,999
760,1373
760,1983
761,50
761,93
761,373
761,426
761,798
761,803
761,823
762,297
762,721
762,917
763,362
764,666
765,466
765,472
765,493
765,820
766,262
766,663
766,725
766,726
766,903
766,1870
767,86
767,262
767,536
767,683
767,684
767,685
767,794
767,1228
767,1231
767,1270
767,2149
767,2658
768,564
768,769
768,2999
768,3000
769,294
769,341
769,564
769,768
770,354
770,389
770,515
770,704
770,744
770,802
770,894
770,909
771,355
771,389
771,450
771,606
771,704
772,440
772,878
772,1233
772,1629
772,2110
773,562
773,845
773,855
774,881
775,12
775,363
775,797
776,47
776,292
776,395
776,396
776,446
776,870
777,31
777,88
777,178
777,880
777,885
777,1004
777,1276
777,1660
777,1889
777,2193
777,2987
778,88
778,261
778,266
778,271
778,470
778,730
778,1004
778,1200
778,1236
778,1279
778,1646
778,1660
778,1783
778,1889
778,1914
778,1984
778,2057
778,2141
779,856
779,2564
780,161
780,752
780,2616
780,2617
781,0
781,289
782,0
782,289
782,538
783,845
784,812
785,720
786,89
786,318
786,544
786,577
786,845
786,873
786,933
787,405
787,736
788,487
789,187
789,540
790,29
790,791
790,857
791,29
791,738
791,790
791,816
791,857
792,239
793,91
793,1789
793,1805
793,2367
794,262
794,767
795,86
795,261
795,296
795,470
796,711
797,166
797,331
797,364
797,389
797,390
797,637
797,638
797,699
797,705
797,706
797,775
797,801
798,93
798,446
798,761
799,752
799,800
800,62
800,296
800,389
800,470
800,564
800,666
800,671
800,752
800,799
800,903
800,1002
801,797
802,301
802,363
802,389
802,438
802,743
802,744
802,745
802,770
802,803
802,909
803,489
803,515
803,696
803,743
803,744
803,745
803,761
803,802
804,246
804,2738
805,641
805,807
805,812
806,585
806,641
806,807
806,812
807,135
807,805
807,806
808,118
808,245
808,416
808,447
808,529
808,820
808,898
809,751
810,389
810,406
811,77
811,338
811,733
811,914
812,35
812,120
812,135
812,187
812,518
812,641
812,721
812,784
812,805
812,806
812,814
812,845
812,846
812,864
812,882
813,263
814,120
814,721
814,812
814,845
814,846
814,864
815,170
815,453
815,1000
816,29
816,791
816,1704
817,632
818,9
818,397
819,328
819,2568
819,2972
820,124
820,143
820,144
820,145
820,241
820,280
820,359
820,411
820,416
820,417
820,471
820,472
820,765
820,808
820,877
821,625
822,968
823,320
823,761
824,845
824,910
825,271
825,275
825,337
826,34
826,37
826,79
826,277
826,461
826,607
826,1323
826,1539
826,1663
826,2193
826,2442
826,2987
827,34
827,554
827,571
828,175
828,552
829,661
829,832
829,884
830,17
831,487
832,487
832,599
832,829
832,962
833,659
833,835
834,659
834,835
835,833
835,834
836,108
836,172
836,200
836,382
836,383
837,671
838,262
838,641
839,302
839,570
839,686
840,179
840,697
840,894
841,505
841,845
842,956
843,32
843,683
843,2175
844,169
844,286
844,602
844,846
844,848
845,18
845,40
845,43
845,46
845,49
845,59
845,81
845,137
845,180
845,185
845,186
845,190
845,201
845,241
845,306
845,393
845,408
845,434
845,435
845,483
845,505
845,508
845,518
845,519
845,525
845,526
845,527
845,540
845,581
845,591
845,592
845,593
845,710
845,721
845,727
845,728
845,739
845,758
845,759
845,773
845,783
845,786
845,812
845,814
845,824
845,841
845,964
845,978
845,981
845,982
845,994
846,109
846,347
846,508
846,514
846,812
846,814
846,844
846,978
846,981
846,982
846,983
847,40
847,605
848,312
848,602
848,844
849,541
849,2323
849,2727
850,563
850,659
850,906
851,751
851,1249
851,1909
851,2043
851,3248
852,159
853,431
853,702
853,731
853,1671
853,2270
853,2423
853,2671
853,3064
853,3081
854,875
855,344
855,773
855,861
856,661
856,779
857,29
857,790
857,791
858,213
858,652
858,859
859,280
859,858
859,2437
860,90
860,473
860,532
860,730
860,1126
860,1209
860,1844
860,1930
860,1961
860,1962
861,164
861,855
861,862
861,863
862,861
863,861
863,1213
863,1237
863,1926
864,120
864,567
864,641
864,812
864,814
865,675
865,676
865,866
865,1743
866,8
866,14
866,44
866,269
866,307
866,340
866,430
866,477
866,513
866,630
866,675
866,865
866,923
867,342
867,930
868,633
869,438
869,516
870,212
870,776
871,574
871,1165
872,751
872,2413
872,3110
873,658
873,786
873,984
874,65
874,723
874,730
874,990
874,1244
874,1486
874,1720
874,2096
874,2384
874,2385
874,2615
874,3255
875,657
875,659
875,660
875,716
875,854
875,935
876,268
877,415
877,528
877,820
878,389
878,440
878,643
878,772
879,123
880,31
880,294
880,777
881,774
882,812
883,977
884,829
884,1008
885,261
885,271
885,684
885,685
885,695
885,777
885,1278
885,1944
885,1991
885,1992
885,2699
886,25
886,264
886,275
886,337
886,356
886,371
886,460
887,888
888,887
889,427
889,922
889,2699
890,499
890,701
891,641
891,701
892,73
893,370
894,284
894,389
894,449
894,606
894,770
894,840
894,920
895,555
895,3050
896,196
896,645
896,689
897,22
897,389
898,808
899,275
899,337
899,553
899,900
899,1002
900,275
900,337
900,553
900,899
901,683
902,696
903,88
903,265
903,671
903,683
903,684
903,685
903,695
903,730
903,766
903,800
903,1228
903,1231
903,1962
903,2073
903,2153
903,2266
903,2644
903,2645
903,2658
903,2699
903,2999
903,3000
903,3145
904,389
904,697
905,145
905,492
905,729
906,659
906,850
907,445
908,363
908,389
908,743
908,745
909,301
909,363
909,743
909,745
909,770
909,802
910,824
911,96
912,391
912,2627
913,431
913,432
914,5
914,36
914,63
914,77
914,273
914,328
914,399
914,593
914,615
914,659
914,811
915,112
915,148
915,149
915,279
915,287
915,324
915,325
915,326
915,976
915,983
916,363
916,438
916,482
916,924
917,762
917,1008
918,617
918,1002
918,1003
919,446
920,894
921,641
922,221
922,889
923,430
923,866
924,243
924,252
924,258
924,290
924,482
924,916
924,925
925,146
925,290
925,455
925,924
926,649
927,389
928,937
929,99
930,201
930,239
930,385
930,652
930,867
931,201
931,246
931,968
932,678
933,494
933,655
933,689
933,710
933,786
933,977
933,984
933,993
934,388
934,935
934,2979
935,875
935,934
936,393
936,505
936,937
936,938
936,939
937,71
937,505
937,928
937,936
937,938
938,392
938,393
938,936
938,937
939,936
940,728
941,942
941,984
942,61
942,257
942,941
943,11
943,203
944,704
944,1235
944,2024
944,2834
945,24
945,377
945,972
946,327
946,328
946,659
947,5
947,63
947,97
948,486
948,487
948,609
949,276
949,398
949,476
950,24
950,99
950,163
950,422
950,517
950,550
950,586
951,414
951,682
952,0
952,378
952,735
953,487
953,610
953,611
954,54
954,274
954,521
954,631
954,712
954,746
954,997
954,998
954,1888
955,648
956,842
957,984
958,709
958,2399
959,633
959,1485
960,2
960,3107
961,211
961,2121
961,2122
962,487
962,610
962,832
963,575
963,610
964,185
964,845
965,446
966,725
966,967
967,682
967,966
967,1703
968,9
968,157
968,822
968,931
969,55
969,361
969,523
969,970
970,55
970,969
970,3232
971,195
971,388
972,945
972,2326
973,409
973,562
974,354
974,515
974,2205
975,354
975,515
976,589
976,915
976,1545
977,236
977,241
977,492
977,494
977,629
977,657
977,729
977,741
977,748
977,883
977,933
977,978
978,159
978,629
978,657
978,845
978,846
978,977
978,984
978,988
979,980
980,347
980,620
980,979
981,845
981,846
982,845
982,846
983,349
983,514
983,627
983,846
983,915
984,61
984,84
984,225
984,494
984,546
984,640
984,649
984,657
984,658
984,748
984,873
984,933
984,941
984,957
984,978
984,993
985,28
985,175
985,179
985,274
985,421
985,521
985,697
985,712
985,746
985,997
986,629
987,988
988,978
988,987
988,992
989,74
990,65
990,723
990,874
991,603
991,1717
991,3044
992,641
992,750
992,988
992,994
993,629
993,933
993,984
994,749
994,750
994,845
994,992
995,96
996,54
996,67
996,105
996,106
996,175
996,614
996,746
996,997
996,998
997,28
997,54
997,67
997,105
997,106
997,183
997,521
997,614
997,697
997,712
997,746
997,954
997,985
997,996
997,998
998,67
998,183
998,274
998,389
998,521
998,552
998,614
998,697
998,712
998,746
998,954
998,996
998,997
999,7
999,376
999,760
1000,140
1000,143
1000,417
1000,815
1001,246
1001,415
1001,493
1001,629
1001,657
1002,7
1002,121
1002,354
1002,364
1002,480
1002,500
1002,501
1002,515
1002,617
1002,800
1002,899
1002,918
1002,1333
1002,1593
1002,2304
1003,51
1003,480
1003,678
1003,918
1003,1194
1003,1333
1003,1582
1003,2829
1004,86
1004,459
1004,777
1004,778
1005,295
1005,371
1005,500
1005,501
1005,653
1006,454
1007,244
1007,319
1007,629
1007,657
1007,689
1007,727
1007,739
1008,39
1008,297
1008,487
1008,642
1008,884
1008,917
1009,1032
1009,2021
1009,2022
1010,2024
1010,2173
1011,1294
1011,1414
1011,1424
1011,1541
1011,1960
1011,2017
1012,1056
1012,1362
1012,1375
1012,1377
1012,1676
1012,1740
1013,1233
1013,1436
1013,1437
1013,2085
1014,2130
1015,589
1015,1261
1015,1545
1016,1520
1017,79
1017,607
1017,1309
1017,1351
1017,1739
1017,1931
1017,2057
1018,1493
1019,1173
1020,1901
1021,1869
1022,1523
1023,1411
1024,1950
1025,1899
1026,1046
1027,1097
1027,1106
1027,1245
1028,1241
1028,1934
1029,1484
1029,1485
1029,1641
1029,1866
1030,2109
1031,1755
1031,2007
1031,2008
1032,1009
1032,1661
1032,1662
1032,2000
1033,1488
1034,1482
1035,1040
1035,1306
1035,1611
1035,1675
1036,1104
1036,1171
1036,1401
1036,1532
1036,1632
1036,1678
1036,1765
1037,1209
1038,1073
1038,1075
1038,1306
1038,1675
1039,2029
1040,1035
1040,1611
1040,1675
1041,1135
1041,1822
1041,1887
1041,2131
1041,2157
1042,1271
1043,1450
1043,1700
1043,1701
1043,1937
1043,1947
1043,1948
1043,1973
1043,1995
1044,1283
1044,1299
1044,1517
1044,1528
1044,1885
1044,1896
1044,2017
1045,1124
1045,1439
1045,1609
1045,1632
1045,1675
1045,1772
1046,1026
1046,2056
1047,1165
1047,1251
1047,1935
1048,1250
1048,2113
1049,1782
1050,2127
1051,1488
1052,1954
1052,1955
1052,1956
1053,1158
1054,1251
1055,1233
1055,2017
1056,1012
1056,1362
1056,1375
1056,1377
1056,1729
1056,1740
1057,1120
1058,1371
1058,1457
1058,1936
1059,1371
1060,1226
1060,1703
1061,1805
1062,1090
1062,2020
1063,1168
1063,1954
1063,1955
1063,1956
1064,1233
1064,1248
1065,234
1065,590
1065,1206
1065,1511
1065,1714
1065,2107
1066,2129
1067,1233
1067,1496
1068,1727
1068,1740
1068,1978
1069,2148
1070,1072
1070,1384
1071,1376
1072,178
1072,470
1072,1070
1072,1166
1072,1217
1073,1038
1073,1075
1073,1595
1074,1523
1075,1038
1075,1073
1075,1187
1075,1368
1075,1595
1075,1596
1076,1224
1076,1242
1076,1647
1076,1738
1076,1817
1076,1924
1077,1186
1077,1192
1077,1403
1077,1579
1077,1653
1077,1727
1078,1138
1078,1943
1079,1712
1080,1193
1080,1370
1080,1387
1080,1436
1080,1437
1080,1906
1080,1932
1080,2085
1081,2150
1082,1724
1083,1476
1083,1477
1084,1573
1085,1233
1085,1496
1086,1294
1086,1344
1086,1496
1087,1104
1087,1171
1087,1389
1087,1401
1087,1604
1088,1965
1089,2002
1090,1062
1090,2019
1090,2020
1091,1314
1091,1672
1092,1858
1093,1487
1093,1872
1094,1880
1095,132
1095,1657
1096,1763
1096,1764
1097,1027
1097,1575
1097,1630
1097,1691
1097,1719
1097,2097
1098,1115
1098,1438
1098,1605
1098,1834
1098,1858
1098,2124
1098,2125
1098,2162
1098,2163
1099,1669
1099,1951
1100,2095
1101,1456
1102,1602
1103,1129
1103,1336
1104,1036
1104,1087
1104,1197
1104,1401
1104,1422
1104,1765
1104,1772
1105,1314
1105,1672
1106,1027
1106,1398
1107,1560
1108,1913
1109,1945
1110,1392
1111,1184
1111,2051
1111,2052
1111,2096
1112,1380
1113,1887
1113,2131
1114,1151
1115,1098
1116,2029
1117,1207
1117,1253
1117,1600
1117,1602
1117,1812
1118,1670
1118,2105
1119,1686
1119,2713
1120,1057
1120,1858
1121,1457
1122,1247
1122,1283
1122,1299
1122,1885
1123,1851
1124,57
1124,1045
1125,1584
1125,1585
1125,1586
1126,860
1126,1627
1126,1930
1126,1962
1127,1816
1128,1642
1128,1879
1129,1103
1129,1854
1130,2039
1130,2161
1131,1419
1132,1151
1132,1743
1133,1491
1134,1957
1135,1041
1135,1630
1135,1796
1135,2160
1136,1142
1136,1712
1136,1836
1137,1457
1138,1078
1138,1245
1138,1860
1139,1726
1140,1973
1140,2095
1141,1413
1141,1478
1141,2097
1142,1136
1142,1712
1143,1386
1144,1868
1144,1945
1145,708
1145,1387
1145,1400
1145,1547
1145,1683
1146,1585
1147,420
1147,1233
1147,1259
1147,1291
1147,1502
1147,1503
1147,1504
1147,1655
1147,1906
1147,2110
1148,1298
1148,1953
1148,2042
1149,1370
1149,2914
1150,1326
1150,1339
1150,1625
1151,1114
1151,1132
1152,1210
1153,1968
1154,1489
1155,1211
1155,1458
1155,1567
1156,1254
1156,1284
1157,1366
1157,2075
1158,1053
1159,1378
1159,1513
1160,1496
1161,1790
1162,1783
1162,2059
1163,1902
1164,1519
1165,171
1165,871
1165,1047
1165,1507
1165,1520
1165,1540
1165,2088
1165,2098
1166,470
1166,1072
1166,1217
1166,1384
1167,2158
1167,2161
1168,1063
1169,428
1169,1706
1170,1806
1170,2319
1170,2913
1170,2920
1171,1036
1171,1087
1171,1197
1171,1401
1171,1422
1171,1765
1171,1772
1172,277
1172,1357
1172,1382
1172,2165
1172,2166
1173,1019
1173,1890
1173,1891
1174,348
1174,1371
1175,1864
1175,1865
1175,1937
1176,1404
1176,1989
1176,1990
1177,1193
1178,1633
1178,1634
1179,1537
1180,1199
1180,1830
1180,1831
1180,1835
1181,1461
1182,1526
1182,1938
1183,1644
1183,1801
1184,1111
1185,1615
1185,1911
1186,1077
1186,1579
1186,1653
1187,1075
1187,1609
1188,1227
1188,1723
1189,1726
1190,1544
1190,1851
1190,2104
1191,1676
1191,1727
1191,2127
1192,1077
1193,1080
1193,1177
1194,1003
1194,1583
1195,1674
1195,2266
1195,2476
1196,470
1196,1217
1197,1104
1197,1171
1198,2053
1199,1180
1199,1835
1200,30
1200,778
1200,1429
1200,1957
1200,2140
1200,2143
1201,1205
1202,1842
1203,1207
1203,1253
1203,1600
1203,1602
1203,1812
1204,1349
1204,1535
1205,1201
1206,1065
1206,1744
1207,1117
1207,1203
1207,1812
1208,2129
1209,860
1209,1037
1209,1844
1209,1930
1210,1152
1211,1155
1211,1704
1211,1987
1211,1997
1211,1999
1212,1538
1213,863
1213,1410
1213,1418
1213,1515
1213,1671
1213,1842
1214,1768
1215,1457
1216,1233
1217,1072
1217,1166
1217,1196
1217,1384
1218,1894
1219,1536
1219,1798
1219,1802
1219,2037
1220,1707
1220,1708
1220,1709
1220,1957
1220,2091
1221,1622
1221,1702
1221,2002
1222,1408
1223,234
1223,590
1223,1319
1223,1564
1223,1815
1224,1076
1224,2762
1225,1453
1226,1060
1226,1703
1227,1188
1227,1510
1227,1805
1227,2089
1228,767
1228,903
1228,1413
1228,2149
1229,296
1229,470
1229,1453
1229,1454
1230,1516
1231,767
1231,903
1231,1413
1232,1453
1232,1546
1232,1584
1232,1745
1232,2018
1233,440
1233,772
1233,1013
1233,1055
1233,1064
1233,1067
1233,1085
1233,1147
1233,1216
1233,1239
1233,1393
1233,1496
1233,1683
1233,1854
1233,1885
1233,2017
1234,1649
1235,944
1235,2024
1236,30
1236,778
1236,1783
1237,863
1237,1410
1237,1671
1238,1510
1238,1982
1238,2765
1239,1233
1239,1854
1239,2110
1240,626
1240,1458
1240,1501
1240,1644
1240,1702
1241,1028
1241,1934
1241,2120
1242,1076
1242,2068
1243,1860
1244,217
1244,874
1244,1327
1245,1027
1245,1138
1245,1534
1245,1905
1246,183
1246,274
1246,521
1246,1413
1247,1122
1248,1064
1249,851
1249,2042
1250,57
1250,1048
1250,1632
1250,1884
1251,752
1251,1047
1251,1054
1251,1520
1251,1717
1251,1782
1251,2036
1252,1524
1252,2131
1253,1117
1253,1203
1253,1812
1254,1156
1254,1846
1254,1874
1255,1702
1255,1999
1256,1814
1257,1689
1258,1746
1259,420
1259,1147
1259,1505
1259,1642
1260,1608
1261,1015
1261,1281
1262,1872
1263,1536
1263,1855
1264,37
1264,277
1264,1720
1265,1378
1265,1513
1265,2112
1266,1741
1267,1814
1268,1859
1269,1380
1269,1645
1270,767
1270,1336
1270,1451
1270,1664
1270,1710
1270,2046
1271,1042
1271,1886
1272,1618
1272,1917
1273,1911
1273,2090
1274,2036
1275,2013
1276,777
1276,1969
1277,1570
1278,88
1278,885
1278,1674
1278,1844
1278,1991
1278,1992
1279,30
1279,31
1279,178
1279,644
1279,778
1279,1736
1279,1762
1280,2035
1281,1261
1281,1413
1281,1638
1282,1420
1282,1499
1282,1700
1282,1973
1282,2043
1283,1044
1283,1122
1283,1528
1283,1896
1283,2633
1284,1156
1284,1448
1284,1569
1285,1775
1285,1782
1286,1632
1286,2027
1287,1346
1288,1341
1289,1848
1289,1946
1290,1923
1291,1147
1291,1502
1292,1846
1292,2011
1293,1886
1294,1011
1294,1086
1294,1721
1295,1462
1295,1766
1295,1911
1296,2113
1297,1895
1297,2072
1298,693
1298,1148
1299,1044
1299,1122
1299,1528
1299,1896
1299,2633
1300,1515
1301,1470
1302,2073
1303,1415
1304,2029
1304,2030
1305,1911
1305,2042
1306,1035
1306,1038
1307,1480
1307,1606
1307,2108
1308,1983
1309,1017
1309,1490
1309,2570
1310,1392
1311,1403
1311,1579
1311,1580
1311,1653
1311,1727
1311,1731
1311,1732
1311,1733
1312,1621
1312,1804
1313,1403
1314,1091
1314,1105
1315,1633
1316,1518
1317,1642
1318,1558
1318,1642
1319,1223
1320,1518
1321,1679
1322,1679
1322,1833
1323,826
1323,1539
1323,1658
1323,1663
1323,1791
1324,1970
1325,2075
1326,1150
1326,1435
1326,1512
1327,1244
1328,1513
1329,1335
1329,1998
1329,2043
1329,2104
1330,2072
1331,1695
1331,1799
1332,1513
1333,1002
1333,1003
1333,1582
1333,1825
1333,1857
1334,369
1334,1864
1335,1329
1336,1103
1336,1270
1336,1556
1337,1846
1338,2001
1338,2049
1339,1150
1339,1435
1339,1512
1340,403
1340,1409
1340,1875
1341,1288
1341,1379
1341,1883
1341,1919
1342,2060
1343,1481
1344,1086
1344,1496
1345,1350
1345,1958
1346,1287
1346,2024
1346,2116
1347,1978
1348,1887
1349,1204
1349,1446
1349,1535
1350,1345
1350,1958
1351,1017
1351,2825
1352,1365
1352,1411
1353,1634
1353,2054
1353,2075
1354,31
1354,470
1354,1969
1354,2745
1355,1383
1356,1403
1356,1579
1356,1653
1356,1727
1356,1731
1356,1732
1356,1733
1357,1172
1357,1899
1358,1443
1359,1657
1360,1755
1360,1939
1361,1403
1361,1727
1362,1012
1362,1056
1363,1723
1363,2036
1364,1403
1365,1352
1365,1411
1365,1412
1365,1473
1366,1157
1366,2075
1367,1403
1368,1075
1368,2132
1369,1898
1369,2080
1370,1080
1370,1149
1371,521
1371,1058
1371,1059
1371,1174
1371,1407
1371,1457
1371,1722
1371,1972
1371,2028
1371,2141
1372,1633
1372,1634
1373,760
1373,1797
1374,1443
1375,1012
1375,1056
1375,1377
1375,1676
1375,1740
1376,1071
1376,1459
1376,1500
1376,1601
1377,1012
1377,1056
1377,1375
1377,1403
1377,1587
1378,1159
1378,1265
1378,2071
1379,1341
1379,1883
1380,470
1380,1112
1380,1269
1380,1645
1380,1646
1380,1949
1381,1383
1382,1172
1382,2166
1383,340
1383,1355
1383,1381
1383,1562
1383,1753
1383,1754
1384,1070
1384,1166
1384,1217
1385,1434
1385,1975
1385,1976
1386,1143
1387,1080
1387,1145
1387,1668
1387,1684
1388,1578
1389,1087
1389,1604
1390,1890
1391,675
1391,1533
1391,2128
1392,1110
1392,1310
1393,1233
1394,2085
1394,2967
1395,1963
1395,1964
1395,2012
1396,1963
1397,1963
1397,1964
1397,2012
1398,1106
1399,2015
1400,1145
1401,1036
1401,1087
1401,1104
1401,1171
1401,1772
1401,1917
1402,1442
1403,1077
1403,1311
1403,1313
1403,1356
1403,1361
1403,1364
1403,1367
1403,1377
1403,1580
1403,1654
1403,1711
1403,1727
1403,1728
1403,1729
1403,1732
1403,1733
1403,1816
1403,1916
1403,1934
1403,2062
1403,2127
1404,1176
1404,1677
1405,428
1405,1711
1406,428
1406,1508
1406,1677
1406,1706
1406,1741
1406,1950
1407,1371
1408,1222
1408,1611
1408,1675
1409,1340
1410,1213
1410,1237
1411,1023
1411,1352
1411,1365
1411,1412
1411,1473
1412,1365
1412,1411
1413,1141
1413,1228
1413,1231
1413,1246
1413,1281
1413,1428
1413,2149
1414,1011
1414,1496
1414,1721
1415,1303
1416,1914
1417,431
1417,703
1417,1766
1417,2249
1417,2671
1417,3064
1418,1213
1418,1761
1418,1926
1419,1131
1419,1538
1419,1651
1419,1909
1419,1999
1420,1282
1420,1538
1420,1839
1420,1973
1420,2043
1421,1624
1422,1104
1422,1171
1423,2111
1424,1011
1424,1541
1424,1721
1425,1426
1426,1425
1427,1856
1428,1413
1428,2185
1429,1200
1429,2143
1430,2143
1431,1433
1432,1433
1432,2001
1433,1431
1433,1432
1434,1385
1434,1975
1435,1326
1435,1339
1436,1013
1436,1080
1436,1437
1436,1441
1436,1475
1436,1885
1437,1013
1437,1080
1437,1436
1437,1441
1437,1475
1438,1098
1439,1045
1440,1530
1440,1531
1441,1436
1441,1437
1442,1402
1442,2017
1443,1358
1443,1374
1443,1444
1443,1445
1444,1443
1445,1443
1445,1598
1446,1349
1446,1971
1447,2111
1448,1284
1449,1614
1449,1995
1450,1043
1450,1467
1451,1270
1452,2064
1453,1225
1453,1229
1453,1232
1453,1584
1454,1229
1454,1546
1455,1844
1456,1101
1457,521
1457,1058
1457,1121
1457,1137
1457,1215
1457,1371
1457,1461
1457,1757
1457,1776
1457,1972
1458,626
1458,1155
1458,1240
1458,1644
1458,1997
1458,1998
1459,1376
1460,1586
1460,2045
1461,521
1461,1181
1461,1457
1461,1757
1462,1295
1462,1872
1463,2038
1464,1465
1465,1464
1466,684
1466,1674
1466,2266
1466,2476
1467,1450
1467,1700
1467,1701
1467,1937
1467,1947
1467,1948
1467,1973
1467,1995
1468,1778
1469,1470
1469,1581
1470,1301
1470,1469
1470,1565
1470,1566
1471,1914
1471,2058
1472,1675
1472,2029
1473,1365
1473,1411
1473,1786
1474,1903
1475,440
1475,1436
1475,1437
1475,1524
1475,1686
1476,1083
1476,1477
1476,1657
1476,2005
1477,1083
1477,1476
1478,1141
1478,2131
1479,1670
1480,1307
1480,2108
1481,1343
1482,1034
1483,1755
1484,1029
1484,1789
1484,1923
1484,1996
1485,959
1485,1029
1485,1641
1485,1866
1486,31
1486,217
1486,874
1486,1857
1487,1093
1487,1705
1487,2045
1488,1033
1488,1051
1489,56
1489,1154
1490,1309
1490,1734
1491,108
1491,200
1491,1133
1491,1573
1491,2117
1492,1729
1493,1018
1493,1742
1494,129
1494,2131
1495,1496
1496,1067
1496,1085
1496,1086
1496,1160
1496,1233
1496,1344
1496,1414
1496,1495
1496,2017
1497,1498
1498,1497
1498,1871
1499,1282
1500,1376
1500,1925
1501,1240
1502,1147
1502,1291
1503,1147
1504,1147
1504,1683
1505,148
1505,149
1505,323
1505,324
1505,325
1505,326
1505,613
1505,1259
1505,1635
1506,1696
1507,1165
1507,1703
1507,2126
1508,304
1508,428
1508,1406
1508,1706
1508,1818
1509,283
1509,1706
1510,1227
1510,1238
1510,1723
1510,1972
1510,1982
1511,1065
1511,1744
1512,1326
1512,1339
1512,2452
1513,1159
1513,1265
1513,1328
1513,1332
1513,2071
1514,1515
1514,2270
1515,1213
1515,1300
1515,1514
1516,1230
1517,1044
1517,3208
1518,1316
1518,1320
1519,1164
1519,1774
1519,1820
1520,1016
1520,1165
1520,1251
1520,1577
1520,1927
1520,2034
1521,1657
1522,1757
1523,1022
1523,1074
1524,1252
1524,1475
1524,1686
1524,1719
1524,1808
1524,2709
1524,2736
1524,2934
1525,2161
1525,2630
1525,2980
1525,3257
1526,1182
1526,1574
1526,2001
1527,440
1527,1796
1527,2634
1528,1044
1528,1283
1528,1299
1528,2634
1529,708
1529,1683
1530,1440
1531,1440
1532,57
1532,1036
1532,2111
1533,1391
1534,1245
1535,1204
1535,1349
1536,1219
1536,1263
1536,1537
1536,1794
1537,1179
1537,1536
1538,1212
1538,1419
1538,1420
1538,1973
1538,2043
1539,826
1539,1323
1539,2281
1539,2442
1540,1165
1541,80
1541,1011
1541,1424
1541,1721
1542,1543
1542,1759
1543,1542
1544,1190
1544,1959
1545,976
1545,1015
1545,1620
1546,1232
1546,1454
1547,1145
1548,1858
1549,1550
1550,1549
1550,1825
1551,1552
1552,1551
1552,1643
1553,1554
1554,1553
1555,1682
1556,340
1556,1336
1556,1664
1556,1812
1557,1755
1558,1318
1559,1560
1560,1107
1560,1559
1560,1561
1561,1560
1562,1383
1563,1928
1564,234
1564,590
1564,1223
1565,1470
1565,1597
1566,1470
1567,1155
1567,1997
1567,1999
1568,1909
1569,1284
1570,1277
1571,1871
1572,1777
1572,1928
1573,1084
1573,1491
1574,1526
1575,1097
1575,2097
1576,2036
1576,2842
1577,1520
1578,1388
1578,1847
1578,2070
1579,1077
1579,1186
1579,1311
1579,1356
1579,1653
1579,1727
1579,1732
1580,1311
1580,1403
1580,1653
1580,1727
1580,1978
1581,1469
1581,1625
1582,1003
1582,1333
1582,1583
1583,34
1583,1194
1583,1582
1584,1125
1584,1232
1584,1453
1585,1125
1585,1146
1585,1586
1586,1125
1586,1460
1586,1585
1586,2045
1587,1377
1588,1589
1588,1590
1589,1588
1589,1590
1589,1688
1590,1588
1590,1589
1591,1592
1592,1591
1593,1002
1593,1594
1594,1593
1595,1073
1595,1075
1595,1596
1595,1609
1595,1681
1595,1943
1595,2066
1596,1075
1596,1595
1597,1565
1598,1445
1598,1823
1599,1872
1600,1117
1600,1203
1600,1602
1601,1376
1602,1102
1602,1117
1602,1203
1602,1600
1603,1890
1604,57
1604,1087
1604,1389
1605,1098
1605,1836
1605,1965
1606,1307
1607,2147
1608,1260
1608,1702
1609,1045
1609,1187
1609,1595
1610,1611
1610,1769
1611,1035
1611,1040
1611,1408
1611,1610
1612,1869
1613,1701
1613,1814
1614,1449
1615,1185
1616,2130
1617,2129
1618,1272
1619,1811
1620,1545
1620,1897
1621,1312
1622,1221
1622,1768
1622,2002
1623,1725
1624,205
1624,1421
1624,1748
1624,1749
1624,1942
1625,1150
1625,1581
1626,14
1626,1743
1627,90
1627,1126
1628,1796
1628,2160
1629,377
1629,643
1629,772
1629,1796
1629,1845
1630,26
1630,1097
1630,1135
1630,1822
1630,1887
1630,2131
1630,2157
1630,2233
1630,2246
1631,1749
1632,57
1632,1036
1632,1045
1632,1250
1632,1286
1632,1678
1633,1178
1633,1315
1633,1372
1633,1634
1633,1970
1633,2019
1633,2075
1634,1178
1634,1353
1634,1372
1634,1633
1634,2006
1635,1505
1635,1669
1636,1804
1637,1750
1638,552
1638,1281
1639,1965
1640,1715
1641,1029
1641,1485
1642,420
1642,1128
1642,1259
1642,1317
1642,1318
1642,1877
1642,1879
1643,1552
1644,1183
1644,1240
1644,1458
1644,2043
1645,1269
1645,1380
1645,1646
1646,30
1646,178
1646,565
1646,644
1646,778
1646,1380
1646,1645
1647,1076
1647,1817
1647,3215
1648,1862
1649,1234
1650,1782
1651,1419
1652,1827
1653,1077
1653,1186
1653,1311
1653,1356
1653,1579
1653,1580
1653,1727
1653,1728
1653,1731
1653,1732
1653,1733
1654,1403
1654,1727
1655,1147
1656,1657
1657,1095
1657,1359
1657,1476
1657,1521
1657,1656
1658,1323
1659,1867
1659,1913
1660,777
1660,778
1660,1914
1660,1984
1661,1032
1662,1032
1663,826
1663,1323
1663,2316
1663,2442
1663,2987
1663,3108
1664,1270
1664,1556
1664,1854
1665,1814
1666,1667
1667,1666
1668,1387
1669,1099
1669,1635
1669,1951
1669,1952
1670,1118
1670,1479
1671,853
1671,1213
1671,1237
1671,1926
1672,1091
1672,1105
1673,1720
1674,21
1674,684
1674,1195
1674,1278
1674,1466
1674,1992
1674,2065
1675,1035
1675,1038
1675,1040
1675,1045
1675,1408
1675,1472
1676,1012
1676,1191
1676,1375
1676,1727
1676,2127
1677,1404
1677,1406
1678,57
1678,1036
1678,1632
1679,1321
1679,1322
1679,1680
1680,1679
1680,1872
1681,1595
1682,1555
1683,420
1683,1145
1683,1233
1683,1504
1683,1529
1684,1387
1685,1824
1685,1902
1685,2168
1686,1119
1686,1475
1686,1524
1686,1691
1686,1808
1686,1885
1687,1809
1687,1985
1687,1986
1688,1589
1689,1257
1689,1838
1690,1804
1691,1097
1691,1686
1691,1822
1692,1693
1693,1692
1694,1922
1694,3080
1695,1331
1695,1799
1696,1506
1697,148
1697,149
1697,323
1697,324
1697,325
1697,326
1697,2050
1698,1699
1699,1698
1699,2042
1700,1043
1700,1282
1700,1467
1700,1701
1700,2072
1701,1043
1701,1467
1701,1613
1701,1700
1701,1909
1701,2072
1702,608
1702,1221
1702,1240
1702,1255
1702,1608
1703,967
1703,1060
1703,1226
1703,1507
1703,2201
1703,2263
1704,816
1704,1211
1704,2724
1705,1487
1705,2064
1706,304
1706,428
1706,1169
1706,1406
1706,1508
1706,1509
1707,1220
1708,1220
1709,1220
1710,290
1710,614
1710,1270
1710,2658
1711,1403
1711,1405
1712,1079
1712,1136
1712,1142
1712,1713
1713,1712
1713,1725
1713,1881
1714,1065
1715,1640
1716,1743
1717,428
1717,991
1717,1251
1717,1912
1718,2060
1719,440
1719,1097
1719,1524
1719,2097
1720,37
1720,79
1720,217
1720,277
1720,874
1720,1264
1720,1673
1721,1294
1721,1414
1721,1424
1721,1541
1721,1960
1721,2017
1722,1371
1723,1188
1723,1363
1723,1510
1723,1792
1723,1805
1723,1810
1723,2089
1724,1082
1724,1725
1725,1623
1725,1713
1725,1724
1726,1139
1726,1189
1727,1068
1727,1077
1727,1191
1727,1311
1727,1356
1727,1361
1727,1403
1727,1579
1727,1580
1727,1653
1727,1654
1727,1676
1727,1728
1727,1731
1727,1732
1727,1733
1727,1978
1728,1403
1728,1653
1728,1727
1728,1978
1729,1056
1729,1403
1729,1492
1729,1740
1730,1978
1731,1311
1731,1356
1731,1653
1731,1727
1731,1732
1731,1733
1732,1311
1732,1356
1732,1403
1732,1579
1732,1653
1732,1727
1732,1731
1732,1733
1733,1311
1733,1356
1733,1403
1733,1653
1733,1727
1733,1731
1733,1732
1734,1490
1734,1836
1734,1837
1735,1911
1736,31
1736,1279
1736,1737
1736,1762
1737,12
1737,1736
1738,1076
1739,1017
1739,1868
1739,2378
1740,1012
1740,1056
1740,1068
1740,1375
1740,1729
1741,1266
1741,1406
1742,1493
1743,675
1743,676
1743,865
1743,1132
1743,1626
1743,1716
1743,1977
1743,1979
1743,2128
1744,1206
1744,1511
1745,1232
1746,1258
1747,2098
1748,1624
1748,1942
1749,1624
1749,1631
1749,1942
1750,1637
1751,1829
1751,1830
1751,1831
1752,1779
1752,1780
1753,1383
1754,1383
1755,1031
1755,1360
1755,1483
1755,1557
1755,1939
1755,1940
1755,2007
1756,1848
1756,1946
1757,183
1757,746
1757,1457
1757,1461
1757,1522
1758,1905
1759,1542
1760,1805
1761,1418
1762,1279
1762,1736
1763,1096
1763,1764
1764,1096
1764,1763
1765,57
1765,1036
1765,1104
1765,1171
1766,1295
1766,1417
1766,1767
1766,2115
1767,1766
1767,2115
1768,1214
1768,1622
1768,2002
1768,2084
1769,1610
1770,1776
1771,1772
1772,1045
1772,1104
1772,1171
1772,1401
1772,1771
1772,2027
1773,1788
1773,2041
1774,1519
1775,1285
1775,1782
1776,1457
1776,1770
1777,1572
1777,1928
1778,1468
1779,1752
1779,1781
1779,1920
1779,1921
1779,2015
1780,1752
1780,1920
1780,1921
1781,1779
1782,1049
1782,1251
1782,1285
1782,1650
1782,1775
1782,1784
1783,30
1783,778
1783,1162
1783,1236
1783,2059
1784,1782
1784,2350
1785,1841
1785,1908
1785,1920
1785,1921
1785,2015
1786,1473
1787,1789
1788,1773
1788,1789
1789,793
1789,1484
1789,1787
1789,1788
1790,1161
1791,1323
1792,1723
1793,2100
1794,1536
1794,1802
1794,2037
1795,2145
1796,440
1796,1135
1796,1527
1796,1628
1796,1629
1796,1845
1796,2017
1796,2160
1797,1373
1798,1219
1799,342
1799,1331
1799,1695
1800,1801
1800,2137
1801,1183
1801,1800
1802,1219
1802,1794
1802,2816
1803,1967
1804,1312
1804,1636
1804,1690
1805,793
1805,1061
1805,1227
1805,1723
1805,1760
1805,1894
1805,1911
1806,1170
1806,1807
1806,2144
1807,1806
1807,2252
1807,2920
1807,2922
1808,1524
1808,1686
1809,1687
1809,1985
1810,1723
1811,1619
1812,1117
1812,1203
1812,1207
1812,1253
1812,1556
1813,1987
1813,2041
1814,1256
1814,1267
1814,1613
1814,1665
1815,1223
1816,1127
1816,1403
1817,1076
1817,1647
1817,3215
1818,56
1818,1508
1819,1941
1820,1519
1821,2064
1822,1041
1822,1630
1822,1691
1822,2131
1823,1598
1823,2996
1824,1685
1825,1333
1825,1550
1826,1827
1827,1652
1827,1826
1827,2146
1828,1831
1828,1832
1829,1751
1829,1830
1830,1180
1830,1751
1830,1829
1830,1832
1831,1180
1831,1751
1831,1828
1831,1832
1832,1828
1832,1830
1832,1831
1833,1322
1834,1098
1835,1180
1835,1199
1836,1136
1836,1605
1836,1734
1837,1734
1838,1689
1839,1420
1839,1993
1839,2042
1840,2041
1840,2042
1841,1785
1842,1202
1842,1213
1842,1843
1843,1842
1843,3081
1844,860
1844,1209
1844,1278
1844,1455
1844,1930
1844,1944
1844,1991
1844,1992
1845,1629
1845,1796
1845,2160
1845,2955
1845,2968
1846,1254
1846,1292
1846,1337
1847,1578
1847,1911
1848,1289
1848,1756
1849,1913
1850,1862
1851,575
1851,1123
1851,1190
1851,1852
1851,1853
1851,1959
1852,338
1852,1851
1852,2972
1852,3227
1853,403
1853,1851
1853,3227
1854,1129
1854,1233
1854,1239
1854,1664
1855,1263
1856,1427
1857,1333
1857,1486
1858,1092
1858,1098
1858,1120
1858,1548
1859,1268
1860,1138
1860,1243
1860,1861
1860,2159
1861,1860
1861,2668
1862,1648
1862,1850
1863,1867
1864,1175
1864,1334
1864,1937
1864,1938
1865,1175
1866,1029
1866,1485
1867,1659
1867,1863
1867,1912
1868,1144
1868,1739
1869,1021
1869,1612
1869,1981
1870,684
1870,685
1870,766
1870,2073
1871,1498
1871,1571
1872,1093
1872,1262
1872,1462
1872,1599
1872,1680
1872,2064
1873,2005
1874,1254
1875,1340
1876,2093
1877,1642
1877,1879
1878,1879
1879,1128
1879,1642
1879,1877
1879,1878
1880,1094
1880,1937
1881,1713
1881,1882
1882,1881
1883,1341
1883,1379
1883,2883
1884,1250
1885,1044
1885,1122
1885,1233
1885,1436
1885,1686
1886,1271
1886,1293
1887,1041
1887,1113
1887,1348
1887,1630
1887,1888
1888,954
1888,1887
1889,644
1889,777
1889,778
1889,1984
1890,1173
1890,1390
1890,1603
1890,2044
1891,1173
1891,2933
1892,1893
1893,421
1893,1892
1894,1218
1894,1805
1895,1297
1895,1915
1896,1044
1896,1283
1896,1299
1897,1620
1897,1958
1897,2025
1897,2026
1898,1369
1899,1025
1899,1357
1900,2041
1900,2795
1900,3080
1901,1020
1902,1163
1902,1685
1902,2168
1903,1474
1904,1905
1905,1245
1905,1758
1905,1904
1905,1917
1906,1080
1906,1147
1907,2135
1908,1785
1909,851
1909,1419
1909,1568
1909,1701
1910,1911
1911,1185
1911,1273
1911,1295
1911,1305
1911,1735
1911,1805
1911,1847
1911,1910
1911,1933
1911,2016
1911,2086
1911,2087
1911,2106
1911,2140
1911,2143
1911,2151
1911,2167
1912,1717
1912,1867
1912,1913
1913,1108
1913,1659
1913,1849
1913,1912
1914,178
1914,551
1914,778
1914,1416
1914,1471
1914,1660
1914,1984
1914,2057
1914,2141
1914,2153
1915,1895
1916,1403
1917,1272
1917,1401
1917,1905
1918,2067
1919,1341
1919,2072
1920,1779
1920,1780
1920,1785
1920,1921
1920,2015
1921,1779
1921,1780
1921,1785
1921,1920
1921,2015
1922,1694
1922,2070
1923,1290
1923,1484
1924,1076
1924,2404
1925,1500
1926,863
1926,1418
1926,1671
1927,171
1927,1520
1928,1563
1928,1572
1928,1777
1928,1929
1929,1928
1930,1
1930,860
1930,1126
1930,1209
1930,1844
1931,1017
1932,1080
1933,1911
1934,1028
1934,1241
1934,1403
1935,1047
1936,1058
1937,1043
1937,1175
1937,1467
1937,1864
1937,1880
1937,1938
1938,1182
1938,1864
1938,1937
1939,1360
1939,1755
1940,1755
1941,1819
1941,1942
1942,1624
1942,1748
1942,1749
1942,1941
1943,1078
1943,1595
1944,551
1944,885
1944,1844
1945,1109
1945,1144
1946,1289
1946,1756
1947,1043
1947,1467
1947,1995
1947,2072
1948,1043
1948,1467
1948,1995
1949,250
1949,1380
1950,1024
1950,1406
1951,353
1951,1099
1951,1669
1951,1952
1952,1669
1952,1951
1953,693
1953,1148
1954,1052
1954,1063
1955,1052
1955,1063
1956,1052
1956,1063
1957,1134
1957,1200
1957,1220
1957,1965
1957,2042
1957,2113
1958,1345
1958,1350
1958,1897
1959,1544
1959,1851
1959,2104
1960,1011
1960,1721
1961,473
1961,860
1961,1965
1961,2152
1962,860
1962,903
1962,1126
1963,1395
1963,1396
1963,1397
1963,1964
1964,1395
1964,1397
1964,1963
1965,1088
1965,1605
1965,1639
1965,1957
1965,1961
1965,2152
1966,1968
1967,1803
1967,1970
1968,1153
1968,1966
1969,1276
1969,1354
1969,1992
1970,1324
1970,1633
1970,1967
1970,2019
1971,1446
1971,1972
1972,1371
1972,1457
1972,1510
1972,1971
1972,2141
1973,1043
1973,1140
1973,1282
1973,1420
1973,1467
1973,1538
1973,2025
1973,2026
1973,2043
1973,2104
1974,57
1974,2027
1975,1385
1975,1434
1976,1385
1977,675
1977,676
1977,1743
1978,1068
1978,1347
1978,1580
1978,1727
1978,1728
1978,1730
1979,8
1979,307
1979,1743
1980,1981
1981,1869
1981,1980
1982,1238
1982,1510
1982,2141
1983,760
1983,1308
1984,30
1984,178
1984,778
1984,1660
1984,1889
1984,1914
1985,1687
1985,1809
1986,1687
1987,1211
1987,1813
1988,1990
1989,1176
1989,1990
1990,1176
1990,1988
1990,1989
1991,88
1991,885
1991,1278
1991,1844
1992,88
1992,885
1992,1278
1992,1674
1992,1844
1992,1969
1993,1839
1994,2042
1995,1043
1995,1449
1995,1467
1995,1947
1995,1948
1995,1996
1996,1484
1996,1995
1997,1211
1997,1458
1997,1567
1998,1329
1998,1458
1998,1999
1998,2102
1999,1211
1999,1255
1999,1419
1999,1567
1999,1998
1999,2043
1999,2101
1999,2102
1999,2104
2000,1032
2001,1338
2001,1432
2001,1526
2002,1089
2002,1221
2002,1622
2002,1768
2003,2004
2003,2005
2004,2003
2004,2005
2005,1476
2005,1873
2005,2003
2005,2004
2006,1634
2007,1031
2007,1755
2007,2008
2008,1031
2008,2007
2009,2010
2010,2009
2011,614
2011,1292
2012,1395
2012,1397
2013,1275
2014,2071
2015,1399
2015,1779
2015,1785
2015,1920
2015,1921
2016,1911
2017,1011
2017,1044
2017,1055
2017,1233
2017,1442
2017,1496
2017,1721
2017,1796
2017,2110
2018,1232
2018,2045
2019,1090
2019,1633
2019,1970
2020,1062
2020,1090
2021,1009
2021,2033
2022,1009
2022,2033
2023,2082
2024,944
2024,1010
2024,1235
2024,1346
2025,1897
2025,1973
2025,2026
2025,2042
2025,2043
2026,1897
2026,1973
2026,2025
2026,2042
2026,2043
2027,1286
2027,1772
2027,1974
2028,1371
2029,1039
2029,1116
2029,1304
2029,1472
2030,1304
2030,3181
2031,2032
2032,2031
2033,2021
2033,2022
2034,1520
2035,1280
2036,1251
2036,1274
2036,1363
2036,1576
2037,1219
2037,1794
2037,2262
2037,2639
2038,1463
2039,1130
2039,2040
2040,2039
2041,1773
2041,1813
2041,1840
2041,1900
2041,2042
2042,1148
2042,1249
2042,1305
2042,1699
2042,1839
2042,1840
2042,1957
2042,1994
2042,2025
2042,2026
2042,2041
2042,2043
2042,2067
2042,2167
2043,851
2043,1282
2043,1329
2043,1420
2043,1538
2043,1644
2043,1973
2043,1999
2043,2025
2043,2026
2043,2042
2043,2104
2044,1890
2045,1460
2045,1487
2045,1586
2045,2018
2045,2064
2046,1270
2047,2048
2047,2064
2047,2137
2048,2047
2048,2049
2049,1338
2049,2048
2050,1697
2051,1111
2052,1111
2053,1198
2054,1353
2055,2118
2056,1046
2057,30
2057,644
2057,778
2057,1017
2057,1914
2057,2058
2057,2083
2058,1471
2058,2057
2059,1162
2059,1783
2060,1342
2060,1718
2060,2061
2061,2060
2062,1403
2063,2090
2064,1452
2064,1705
2064,1821
2064,1872
2064,2045
2064,2047
2065,88
2065,1674
2066,1595
2067,1918
2067,2042
2068,1242
2069,2167
2070,1578
2070,1922
2071,1378
2071,1513
2071,2014
2072,1297
2072,1330
2072,1700
2072,1701
2072,1919
2072,1947
2073,265
2073,663
2073,903
2073,1302
2073,1870
2073,2153
2074,31
2074,2075
2075,1157
2075,1325
2075,1353
2075,1366
2075,1633
2075,2074
2076,2096
2077,2079
2078,2079
2079,2077
2079,2078
2079,2081
2080,1369
2081,2079
2082,2023
2083,2057
2084,1768
2085,1013
2085,1080
2085,1394
2086,1911
2087,1911
2088,1165
2089,1227
2089,1723
2090,1273
2090,2063
2091,1220
2092,2094
2093,1876
2093,2094
2094,2092
2094,2093
2095,1100
2095,1140
2096,217
2096,874
2096,1111
2096,2076
2097,310
2097,1097
2097,1141
2097,1575
2097,1719
2097,3003
2098,1165
2098,1747
2099,2100
2100,1793
2100,2099
2101,1999
2101,2102
2102,1998
2102,1999
2102,2101
2102,2104
2103,2104
2104,1190
2104,1329
2104,1959
2104,1973
2104,1999
2104,2043
2104,2102
2104,2103
2105,1118
2106,1911
2107,1065
2108,1307
2108,1480
2109,1030
2110,772
2110,1147
2110,1239
2110,2017
2111,1423
2111,1447
2111,1532
2112,1265
2113,1048
2113,1296
2113,1957
2114,2167
2115,1766
2115,1767
2116,1346
2117,108
2117,200
2117,1491
2118,2055
2118,2119
2119,2118
2120,1241
2121,961
2121,2122
2121,2123
2122,961
2122,2121
2123,2121
2124,1098
2125,1098
2126,404
2126,1507
2127,1050
2127,1191
2127,1403
2127,1676
2127,2133
2128,1391
2128,1743
2129,1066
2129,1208
2129,1617
2129,2139
2130,1014
2130,1616
2131,1041
2131,1113
2131,1252
2131,1478
2131,1494
2131,1630
2131,1822
2132,1368
2133,2127
2134,2135
2134,2136
2135,1907
2135,2134
2136,2134
2137,1800
2137,2047
2138,2154
2139,2129
2140,1200
2140,1911
2140,2142
2141,30
2141,644
2141,778
2141,1371
2141,1914
2141,1972
2141,1982
2142,644
2142,2140
2143,1200
2143,1429
2143,1430
2143,1911
2144,1806
2145,1795
2146,1827
2147,1607
2148,1069
2149,767
2149,1228
2149,1413
2150,1081
2151,1911
2151,2167
2152,1961
2152,1965
2153,551
2153,903
2153,1914
2153,2073
2154,2138
2155,2156
2156,2155
2157,1041
2157,1630
2158,1167
2158,2161
2158,2630
2158,2980
2158,3257
2159,1860
2160,440
2160,1135
2160,1628
2160,1796
2160,1845
2161,1130
2161,1167
2161,1525
2161,2158
2162,1098
2163,1098
2163,2164
2164,2163
2165,1172
2165,2166
2166,1172
2166,1382
2166,2165
2167,1911
2167,2042
2167,2069
2167,2114
2167,2151
2168,1685
2168,1902
2169,2870
2170,2567
2170,2707
2171,2192
2172,2900
2173,646
2173,1010
2173,2834
2174,2493
2175,843
2175,2651
2175,3111
2176,2294
2176,2343
2177,2519
2178,3095
2179,2641
2180,3252
2181,2291
2181,2611
2182,3101
2183,2480
2183,2526
2184,2470
2185,1428
2185,2225
2186,2632
2187,2200
2188,55
2188,3232
2189,2485
2190,2269
2191,2570
2191,2984
2192,2171
2193,31
2193,777
2193,826
2193,2442
2193,3117
2194,2878
2195,2254
2195,2733
2196,2866
2196,2867
2197,2649
2197,3056
2198,182
2198,2609
2198,2824
2199,3165
2200,2187
2201,1703
2201,2263
2201,3044
2202,2314
2203,2407
2203,2456
2203,2667
2203,3088
2204,2233
2204,2711
2204,3211
2205,974
2205,2814
2205,3188
2206,2489
2207,3003
2208,2996
2209,3148
2210,2375
2210,3107
2211,470
2211,2494
2211,2640
2211,3072
2212,2546
2213,2253
2213,2473
2213,3126
2214,2537
2214,2750
2214,2751
2214,2981
2215,2382
2216,2328
2216,2780
2217,2813
2218,3251
2219,2574
2220,2332
2220,3222
2221,2520
2221,2992
2221,3156
2222,2670
2222,3113
2223,3010
2223,3011
2224,2952
2225,2185
2226,3226
2227,2975
2228,3071
2229,3144
2230,2663
2231,2640
2232,2312
2232,3033
2233,1630
2233,2204
2234,300
2234,2298
2234,2374
2234,2465
2235,2993
2235,2994
2236,3142
2236,3143
2237,2717
2238,2767
2239,2871
2240,2920
2240,3128
2241,3262
2242,2287
2242,2858
2243,2500
2244,2533
2245,2840
2246,1630
2246,2980
2246,3160
2247,2458
2247,2708
2248,353
2248,2287
2248,2411
2248,2424
2248,2715
2249,1417
2249,3081
2250,2294
2250,2343
2251,2396
2252,1807
2252,2916
2252,2924
2253,2213
2254,2195
2255,554
2255,2861
2256,2747
2257,2790
2258,2360
2258,3030
2259,3010
2260,2580
2260,2628
2261,2748
2261,2966
2262,2037
2262,3083
2263,1703
2263,2201
2263,3044
2264,624
2264,2812
2265,2988
2266,684
2266,903
2266,1195
2266,1466
2266,2999
2267,2721
2268,2517
2269,2190
2270,853
2270,1514
2270,2623
2271,3100
2272,2290
2273,2592
2273,2593
2274,2801
2275,3168
2276,2299
2277,2764
2278,3007
2279,2799
2280,278
2280,2933
2281,1539
2281,2745
2282,3147
2283,2801
2283,3116
2284,2734
2285,3207
2286,2982
2287,2242
2287,2248
2288,2859
2289,2884
2290,2272
2290,2487
2291,2181
2292,2989
2293,2872
2294,2176
2294,2250
2294,2343
2295,2800
2296,2899
2296,3223
2297,2518
2298,2234
2298,3082
2299,2276
2300,3104
2300,3105
2301,3112
2302,3235
2303,2739
2304,1002
2304,2390
2305,2439
2306,3244
2307,2540
2307,2846
2307,2847
2308,2385
2308,2615
2309,2607
2310,2582
2310,3156
2311,2801
2312,2232
2312,3033
2312,3130
2313,2571
2313,2572
2314,2202
2315,3174
2316,1663
2316,3108
2317,3233
2318,2956
2319,1170
2319,2920
2320,2481
2321,3122
2321,3243
2322,3153
2322,3200
2323,849
2323,3076
2324,2702
2324,3081
2325,3018
2326,377
2326,972
2326,2573
2327,723
2327,2384
2327,3119
2328,2216
2329,331
2329,2509
2330,3131
2331,2438
2331,2601
2332,2220
2333,3180
2334,2829
2335,2528
2336,2704
2336,3149
2337,2763
2337,2874
2338,2972
2338,3227
2339,2461
2340,2544
2341,2344
2341,2777
2342,2910
2343,2176
2343,2250
2343,2294
2344,2341
2345,2805
2346,2543
2347,2808
2348,129
2348,459
2348,2535
2348,3208
2349,612
2349,2865
2350,1784
2350,2892
2351,2402
2352,3238
2353,3143
2354,2498
2355,3029
2356,2804
2357,376
2357,2406
2357,3096
2358,2665
2359,2404
2360,2258
2360,3166
2360,3167
2360,3169
2361,2929
2362,2483
2363,2654
2363,2655
2363,2656
2364,3239
2365,2605
2366,714
2366,3140
2367,793
2367,2652
2368,2785
2369,2841
2370,2658
2371,2756
2372,2724
2373,2906
2374,2234
2374,3082
2375,2210
2375,2471
2376,2752
2377,3162
2378,1739
2378,2381
2379,3135
2380,2652
2381,2378
2382,2215
2383,2939
2383,3255
2384,723
2384,874
2384,2327
2385,217
2385,874
2385,2308
2386,2532
2386,2754
2386,2755
2386,2990
2387,3127
2388,2925
2389,2532
2389,2755
2390,2304
2391,353
2391,2558
2392,2709
2393,2660
2394,3228
2395,2712
2396,2251
2397,3089
2398,3210
2399,958
2399,3000
2400,2606
2401,2935
2402,2351
2402,2724
2402,2971
2403,2895
2403,3002
2404,670
2404,1924
2404,2359
2404,2419
2405,2852
2406,2357
2407,2203
2408,2854
2409,2422
2410,2727
2411,2248
2412,3063
2412,3133
2413,872
2413,3110
2414,2504
2415,2754
2415,2990
2416,3171
2417,2738
2418,3193
2419,670
2419,2404
2419,3120
2419,3239
2420,2447
2420,2683
2420,2782
2420,3197
2421,2646
2422,2409
2423,853
2423,2671
2423,3064
2424,2248
2425,3193
2426,3122
2426,3123
2426,3243
2427,2678
2428,364
2428,2506
2429,440
2429,2633
2429,2634
2430,2542
2431,3034
2432,3229
2433,2877
2434,2943
2435,2879
2436,2945
2436,2946
2436,2947
2437,859
2437,2819
2437,2820
2438,2331
2438,2531
2438,2601
2438,3181
2439,2305
2440,2798
2441,3109
2442,79
2442,826
2442,1539
2442,1663
2442,2193
2442,2987
2442,3108
2442,3117
2443,679
2443,2760
2444,2875
2445,372
2445,2644
2446,37
2446,277
2446,2827
2447,2420
2447,2683
2447,2782
2448,412
2448,2837
2449,2452
2450,3155
2450,3157
2451,2520
2452,1512
2452,2449
2453,2895
2454,2786
2455,2515
2456,2203
2457,2687
2458,2247
2458,2567
2458,2707
2459,2991
2459,3212
2460,2531
2461,2339
2462,3189
2463,2608
2464,284
2464,2908
2465,2234
2465,3082
2466,2873
2467,3082
2468,2562
2469,3139
2470,2184
2471,2375
2472,2557
2473,2213
2474,2896
2475,2823
2476,684
2476,1195
2476,1466
2476,2999
2477,3246
2478,2896
2479,2667
2480,2183
2481,2320
2482,2830
2482,2995
2482,3134
2483,2362
2484,2920
2485,2189
2486,2666
2487,2290
2488,3033
2489,2206
2490,2615
2490,2625
2490,3253
2491,3010
2491,3011
2492,3159
2493,2174
2494,2211
2495,2576
2496,3089
2497,3065
2498,2354
2498,3065
2499,2815
2500,2243
2501,2983
2502,2536
2503,3176
2504,2414
2505,2773
2506,2428
2506,2779
2507,2703
2508,2962
2509,2329
2510,310
2510,2511
2511,310
2511,2510
2512,2514
2512,2683
2512,2979
2513,2683
2513,2979
2514,2512
2514,2979
2515,2455
2515,2516
2515,2586
2515,3082
2516,2515
2517,2268
2518,2297
2519,2177
2519,2781
2519,3001
2520,2221
2520,2451
2520,2992
2520,3155
2521,2522
2521,2869
2521,2909
2522,2521
2523,2956
2524,2956
2525,3227
2526,2183
2527,2860
2528,2335
2528,2575
2529,2943
2529,3094
2530,2963
2530,2964
2531,2438
2531,2460
2532,2386
2532,2389
2532,2754
2532,2755
2533,2244
2534,3067
2535,2348
2535,3208
2536,2502
2536,2697
2537,2214
2537,2751
2537,2981
2538,245
2538,3077
2539,2560
2540,2307
2540,2846
2540,2847
2541,2542
2542,2430
2542,2541
2543,2346
2544,2340
2545,2546
2546,2212
2546,2545
2547,2728
2548,2700
2549,343
2549,2550
2550,2549
2551,3146
2552,2929
2553,2627
2553,3170
2554,3118
2555,2883
2556,2610
2557,2472
2557,2668
2558,350
2558,353
2558,2391
2558,2559
2559,353
2559,2558
2559,2741
2560,2539
2561,2637
2562,351
2562,2468
2563,2564
2563,2565
2563,2647
2564,353
2564,779
2564,2563
2564,2565
2565,353
2565,2563
2565,2564
2566,2716
2567,2170
2567,2458
2568,819
2568,2669
2568,2670
2569,3248
2570,62
2570,1309
2570,2191
2570,3121
2570,3141
2571,2313
2571,2572
2572,2313
2572,2571
2573,377
2573,2326
2574,2219
2575,2528
2576,2495
2576,2941
2576,3050
2577,3066
2578,2619
2579,2580
2579,2676
2580,2260
2580,2579
2580,2778
2581,2737
2582,2310
2582,2590
2583,2584
2584,2583
2584,2585
2585,2584
2586,2515
2587,2730
2587,2792
2588,2589
2589,2588
2590,2582
2591,2593
2591,2594
2591,2596
2592,2273
2592,2593
2593,2273
2593,2591
2593,2592
2593,2594
2593,2595
2594,2591
2594,2593
2594,2595
2595,2593
2595,2594
2595,2596
2596,2591
2596,2595
2597,2598
2598,2597
2599,2828
2600,2762
2601,2331
2601,2438
2601,3181
2601,3245
2602,2603
2603,2602
2604,2977
2605,2365
2606,2400
2606,2693
2606,3215
2607,2309
2608,2463
2609,2198
2610,2556
2611,2181
2612,2613
2613,2612
2614,3023
2615,217
2615,874
2615,2308
2615,2490
2615,2886
2616,780
2616,2617
2617,780
2617,2616
2618,184
2618,3002
2618,3074
2619,2578
2620,2622
2621,2622
2622,2620
2622,2621
2623,2270
2623,3081
2624,2674
2624,3044
2625,2490
2626,2636
2627,690
2627,912
2627,2553
2627,2954
2628,2260
2629,2685
2629,3209
2630,1525
2630,2158
2630,3257
2631,2662
2632,2186
2633,1283
2633,1299
2633,2429
2633,2634
2634,1527
2634,1528
2634,2429
2634,2633
2635,2902
2636,2626
2637,2561
2638,2639
2639,2037
2639,2638
2640,31
2640,440
2640,736
2640,2211
2640,2231
2640,2716
2640,3039
2641,2179
2642,2683
2642,3197
2643,2644
2643,2645
2644,684
2644,903
2644,2445
2644,2643
2644,3145
2645,903
2645,2643
2646,2421
2647,2563
2648,3097
2649,2197
2649,3056
2650,2749
2651,79
2651,2175
2652,2367
2652,2380
2653,2681
2654,2363
2654,2655
2654,2656
2655,2363
2655,2654
2655,2656
2656,2363
2656,2654
2656,2655
2657,3249
2658,684
2658,685
2658,767
2658,903
2658,1710
2658,2370
2659,2660
2659,2661
2660,2393
2660,2659
2660,2661
2661,2659
2661,2660
2662,2631
2663,2230
2664,2889
2665,2358
2666,2486
2667,2203
2667,2479
2668,1861
2668,2557
2668,3100
2669,2568
2670,2222
2670,2568
2671,853
2671,1417
2671,2423
2671,3064
2672,3184
2673,3231
2674,2624
2675,3239
2676,2579
2677,2833
2678,2427
2679,2710
2679,2944
2680,2794
2681,2653
2682,2732
2683,2420
2683,2447
2683,2512
2683,2513
2683,2642
2683,2782
2683,3197
2684,3047
2685,2629
2686,2904
2687,2457
2688,2689
2689,2688
2690,2691
2691,2690
2692,2974
2693,2606
2693,3239
2694,2695
2695,2694
2696,2715
2696,2749
2697,2536
2698,2880
2699,551
2699,885
2699,889
2699,903
2699,3129
2700,2548
2701,2949
2702,2324
2703,2507
2704,2336
2704,2717
2704,3149
2705,2778
2706,3006
2707,2170
2707,2458
2708,2247
2709,1524
2709,2392
2710,713
2710,2679
2711,2204
2712,2395
2713,1119
2713,2849
2714,3250
2715,2248
2715,2696
2715,2802
2715,3037
2716,121
2716,463
2716,2566
2716,2640
2716,3072
2717,2237
2717,2704
2717,3149
2718,2719
2719,2718
2720,3217
2721,2267
2722,2825
2723,2856
2724,1704
2724,2372
2724,2402
2725,2726
2726,2725
2727,849
2727,2410
2727,3076
2728,2547
2729,3022
2730,2587
2731,2920
2732,2682
2733,2195
2734,2284
2735,3177
2736,440
2736,1524
2736,2955
2737,2581
2738,804
2738,2417
2738,3225
2739,2303
2740,3098
2741,353
2741,2559
2742,3230
2743,3192
2744,41
2744,2753
2745,31
2745,1354
2745,2281
2746,2747
2747,2256
2747,2746
2748,2261
2748,3046
2749,2650
2749,2696
2750,2214
2751,2214
2751,2537
2751,2839
2751,2981
2752,2376
2753,2744
2754,2386
2754,2415
2754,2532
2754,2990
2754,3051
2755,2386
2755,2389
2755,2532
2756,2371
2757,2758
2758,2757
2759,2911
2760,2443
2760,2826
2761,551
2761,3161
2762,1224
2762,2600
2763,2337
2764,2277
2764,2765
2765,1238
2765,2764
2766,2959
2767,2238
2768,3196
2769,338
2769,3084
2770,2771
2771,2770
2772,3049
2773,2505
2774,2776
2774,3069
2774,3070
2775,2776
2776,2774
2776,2775
2777,2341
2778,2580
2778,2705
2778,3085
2779,2506
2780,2216
2781,31
2781,470
2781,2519
2782,2420
2782,2447
2782,2683
2783,2784
2784,2783
2785,2368
2786,2454
2787,2788
2788,2787
2789,2856
2790,2257
2791,2893
2792,2587
2793,2940
2794,2680
2795,1900
2795,3080
2796,2842
2797,3172
2798,2440
2798,2898
2799,2279
2800,2295
2801,2274
2801,2283
2801,2311
2801,3115
2801,3116
2801,3153
2802,2715
2803,2927
2804,2356
2805,2345
2806,2807
2806,2851
2807,2806
2808,2347
2808,2809
2809,2808
2809,3064
2810,2811
2811,2810
2812,624
2812,2264
2813,2217
2814,2205
2814,3188
2815,2499
2816,1802
2816,2817
2816,2818
2817,2816
2818,2816
2819,2437
2820,2437
2821,2822
2822,2821
2823,2475
2824,184
2824,198
2824,2198
2825,1351
2825,2722
2826,2760
2827,2446
2828,2599
2829,1003
2829,2334
2830,2482
2831,2897
2832,2833
2832,3087
2833,2677
2833,2832
2833,3139
2833,3239
2834,646
2834,944
2834,2173
2835,3135
2836,2894
2836,2978
2837,412
2837,2448
2838,2901
2838,3125
2839,2751
2840,2245
2841,2369
2842,1576
2842,2796
2843,2936
2843,3062
2844,2881
2845,2912
2846,2307
2846,2540
2847,2307
2847,2540
2847,3005
2847,3154
2847,3231
2848,3249
2849,2713
2850,3091
2851,2806
2852,2405
2852,3193
2853,2854
2853,2855
2854,2408
2854,2853
2855,2853
2856,2723
2856,2789
2857,2885
2858,2242
2859,2288
2860,2527
2861,554
2861,2255
2861,3007
2862,651
2862,2864
2863,2864
2864,2862
2864,2863
2865,2349
2866,2196
2867,2196
2868,3232
2869,2521
2870,2169
2871,2239
2872,2293
2873,2466
2874,2337
2875,2444
2876,3002
2877,2433
2878,2194
2879,2435
2880,2698
2881,2844
2882,2907
2883,1883
2883,2555
2884,2289
2885,2857
2886,2615
2887,2888
2888,2887
2889,95
2889,2664
2889,2890
2890,2889
2891,3202
2892,2350
2893,2791
2894,2836
2895,2403
2895,2453
2895,2942
2896,2474
2896,2478
2897,2831
2898,2798
2899,2296
2899,3223
2899,3224
2900,2172
2901,2838
2902,2635
2902,2903
2903,2902
2904,2686
2905,3035
2906,2373
2907,2882
2908,2464
2909,2521
2910,2342
2911,2759
2912,2845
2913,1170
2913,2920
2914,1149
2915,2918
2915,2921
2916,2252
2917,2920
2918,2915
2918,2921
2919,2920
2920,1170
2920,1807
2920,2240
2920,2319
2920,2484
2920,2731
2920,2913
2920,2917
2920,2919
2920,2923
2920,3128
2921,2915
2921,2918
2922,1807
2922,2924
2923,2920
2924,2252
2924,2922
2925,2388
2926,714
2926,3140
2927,2803
2928,3099
2929,2361
2929,2552
2930,2931
2931,2930
2932,3178
2933,278
2933,1891
2933,2280
2934,1524
2934,3163
2935,2401
2936,2843
2936,3173
2937,3036
2938,3075
2939,2383
2939,3255
2940,2793
2941,2576
2942,2895
2942,3002
2943,2434
2943,2529
2944,2679
2945,2436
2945,2946
2945,2948
2946,2436
2946,2945
2946,2947
2947,674
2947,2436
2947,2946
2947,2948
2948,2945
2948,2947
2949,528
2949,2701
2950,2951
2951,2950
2952,2224
2953,3263
2954,2627
2955,1845
2955,2736
2956,2318
2956,2523
2956,2524
2956,2957
2956,3186
2957,2956
2958,3066
2959,2766
2960,3218
2961,3259
2962,2508
2963,2530
2964,278
2964,2530
2964,2965
2965,278
2965,2964
2966,2261
2967,1394
2967,2968
2968,1845
2968,2967
2969,2970
2970,2969
2971,2402
2972,819
2972,1852
2972,2338
2972,3227
2973,372
2973,2974
2973,3124
2974,296
2974,372
2974,470
2974,2692
2974,2973
2974,3124
2975,2227
2975,2976
2976,2975
2977,2604
2978,2836
2979,934
2979,2512
2979,2513
2979,2514
2980,1525
2980,2158
2980,2246
2981,2214
2981,2537
2981,2751
2982,2286
2983,2501
2984,2191
2985,2986
2986,2985
2987,31
2987,777
2987,826
2987,1663
2987,2442
2987,3117
2988,2265
2989,2292
2990,2386
2990,2415
2990,2754
2991,2459
2992,2221
2992,2520
2992,3016
2992,3155
2993,2235
2993,2994
2994,2235
2994,2993
2995,2482
2996,1823
2996,2208
2997,3004
2998,3032
2999,768
2999,903
2999,2266
2999,2476
3000,768
3000,903
3000,2399
3001,2519
3002,184
3002,2403
3002,2618
3002,2876
3002,2942
3002,3068
3002,3074
3003,2097
3003,2207
3004,2997
3005,636
3005,2847
3005,3154
3006,2706
3007,2278
3007,2861
3008,3009
3009,3008
3010,2223
3010,2259
3010,2491
3010,3011
3010,3013
3011,2223
3011,2491
3011,3010
3011,3012
3012,3011
3013,3010
3014,3015
3015,3014
3016,2992
3017,3184
3018,2325
3019,3020
3020,3019
3020,3021
3021,3020
3022,2729
3023,2614
3024,3025
3024,3026
3025,3024
3025,3026
3026,3024
3026,3025
3027,3028
3028,3027
3029,2355
3030,2258
3030,3031
3031,3030
3032,2998
3033,2232
3033,2312
3033,2488
3033,3130
3034,2431
3035,2905
3036,2937
3037,2715
3038,3039
3039,2640
3039,3038
3040,3041
3040,3043
3041,3040
3041,3043
3042,3043
3043,3040
3043,3041
3043,3042
3044,991
3044,2201
3044,2263
3044,2624
3045,3066
3046,2748
3047,2684
3048,3150
3049,2772
3050,895
3050,2576
3051,2754
3052,3053
3052,3054
3052,3136
3053,3052
3053,3054
3053,3136
3054,3052
3054,3053
3055,3056
3056,2197
3056,2649
3056,3055
3057,3058
3058,3057
3058,3059
3059,3058
3060,3061
3060,3227
3061,3060
3062,2843
3062,3173
3063,2412
3064,853
3064,1417
3064,2423
3064,2671
3064,2809
3065,2497
3065,2498
3066,2577
3066,2958
3066,3045
3067,2534
3068,3002
3069,2774
3070,2774
3071,2228
3072,2211
3072,2716
3073,3144
3074,182
3074,2618
3074,3002
3075,2938
3076,2323
3076,2727
3077,2538
3078,3079
3079,193
3079,3078
3080,1694
3080,1900
3080,2795
3081,853
3081,1843
3081,2249
3081,2324
3081,2623
3082,2298
3082,2374
3082,2465
3082,2467
3082,2515
3083,2262
3084,2769
3085,2778
3086,290
3086,3087
3087,2832
3087,3086
3088,2203
3089,2397
3089,2496
3089,3090
3090,3089
3091,2850
3092,3093
3093,3092
3094,2529
3095,2178
3096,2357
3097,2648
3098,2740
3099,2928
3100,2271
3100,2668
3101,2182
3102,3103
3102,3104
3102,3105
3102,3106
3102,3107
3102,3247
3103,3102
3103,3105
3103,3106
3104,2300
3104,3102
3105,2300
3105,3102
3105,3103
3105,3106
3106,3102
3106,3103
3106,3105
3107,960
3107,2210
3107,3102
3108,1663
3108,2316
3108,2442
3109,2441
3110,872
3110,2413
3111,459
3111,2175
3111,3114
3112,2301
3113,338
3113,2222
3114,459
3114,3111
3115,2801
3116,2283
3116,2801
3117,79
3117,607
3117,2193
3117,2442
3117,2987
3118,2554
3119,2327
3120,2419
3121,2570
3122,2321
3122,2426
3122,3123
3122,3243
3123,2426
3123,3122
3123,3243
3124,2973
3124,2974
3125,2838
3126,2213
3127,2387
3127,3256
3128,2240
3128,2920
3129,2699
3130,2312
3130,3033
3131,2330
3132,3133
3133,2412
3133,3132
3134,2482
3135,2379
3135,2835
3136,3052
3136,3053
3137,400
3137,403
3137,3138
3138,3137
3139,401
3139,2469
3139,2833
3140,2366
3140,2926
3141,2570
3142,2236
3142,3143
3143,2236
3143,2353
3143,3142
3144,2229
3144,3073
3145,265
3145,903
3145,2644
3146,2551
3147,2282
3148,2209
3149,2336
3149,2704
3149,2717
3150,3048
3151,3152
3152,3151
3153,2322
3153,2801
3154,2847
3154,3005
3155,2450
3155,2520
3155,2992
3155,3156
3156,2221
3156,2310
3156,3155
3157,2450
3158,613
3158,3187
3159,2492
3160,2246
3161,2761
3162,575
3162,2377
3163,2934
3164,3166
3165,2199
3165,3166
3165,3169
3166,2360
3166,3164
3166,3165
3167,2360
3168,2275
3169,2360
3169,3165
3170,613
3170,2553
3171,2416
3172,2797
3173,2936
3173,3062
3174,2315
3175,3193
3175,3234
3176,2503
3177,2735
3178,2932
3179,3180
3180,2333
3180,3179
3181,2030
3181,2438
3181,2601
3182,3183
3183,3182
3184,2672
3184,3017
3185,3186
3186,2956
3186,3185
3187,3158
3188,2205
3188,2814
3189,614
3189,2462
3190,3191
3191,3190
3192,2743
3193,2418
3193,2425
3193,2852
3193,3175
3194,3195
3195,3194
3196,2768
3197,2420
3197,2642
3197,2683
3198,3199
3199,3198
3200,2322
3201,3242
3202,2891
3203,3204
3204,3203
3205,183
3205,3206
3206,3205
3207,2285
3208,1517
3208,2348
3208,2535
3209,2629
3210,2398
3211,340
3211,2204
3212,2459
3213,3214
3213,3216
3214,3213
3214,3216
3215,1647
3215,1817
3215,2606
3216,3213
3216,3214
3217,2720
3218,2960
3219,3220
3219,3221
3220,184
3220,3219
3221,3219
3222,2220
3223,2296
3223,2899
3224,2899
3225,2738
3226,445
3226,2226
3227,1852
3227,1853
3227,2338
3227,2525
3227,2972
3227,3060
3228,2394
3229,2432
3230,2742
3231,2673
3231,2847
3232,55
3232,970
3232,2188
3232,2868
3233,2317
3234,3175
3235,2302
3236,3237
3237,3236
3238,2352
3239,2364
3239,2419
3239,2675
3239,2693
3239,2833
3240,3241
3241,3240
3242,3201
3243,2321
3243,2426
3243,3122
3243,3123
3244,56
3244,2306
3245,2601
3246,2477
3247,3102
3248,851
3248,2569
3249,2657
3249,2848
3250,2714
3251,2218
3252,2180
3253,2490
3254,3258
3255,217
3255,874
3255,2383
3255,2939
3256,3127
3257,1525
3257,2158
3257,2630
3258,3254
3259,2961
3260,3261
3261,3260
3262,2241
3263,2953
